"","sarima_101_101$data.Series 1","sarima_101_101$data.Series 2","sarima_101_101$data.Series 3","sarima_101_101$data.Series 4","sarima_101_101$data.Series 5","sarima_101_101$data.Series 6","sarima_101_101$data.Series 7","sarima_101_101$data.Series 8","sarima_101_101$data.Series 9","sarima_101_101$data.Series 10","sarima_111_111$data.Series 1","sarima_111_111$data.Series 2","sarima_111_111$data.Series 3","sarima_111_111$data.Series 4","sarima_111_111$data.Series 5","sarima_111_111$data.Series 6","sarima_111_111$data.Series 7","sarima_111_111$data.Series 8","sarima_111_111$data.Series 9","sarima_111_111$data.Series 10","sarima_201_102$data.Series 1","sarima_201_102$data.Series 2","sarima_201_102$data.Series 3","sarima_201_102$data.Series 4","sarima_201_102$data.Series 5","sarima_201_102$data.Series 6","sarima_201_102$data.Series 7","sarima_201_102$data.Series 8","sarima_201_102$data.Series 9","sarima_201_102$data.Series 10","sarima_211_112$data.Series 1","sarima_211_112$data.Series 2","sarima_211_112$data.Series 3","sarima_211_112$data.Series 4","sarima_211_112$data.Series 5","sarima_211_112$data.Series 6","sarima_211_112$data.Series 7","sarima_211_112$data.Series 8","sarima_211_112$data.Series 9","sarima_211_112$data.Series 10","sarima_102_201$data.Series 1","sarima_102_201$data.Series 2","sarima_102_201$data.Series 3","sarima_102_201$data.Series 4","sarima_102_201$data.Series 5","sarima_102_201$data.Series 6","sarima_102_201$data.Series 7","sarima_102_201$data.Series 8","sarima_102_201$data.Series 9","sarima_102_201$data.Series 10","sarima_301_301$data.Series 1","sarima_301_301$data.Series 2","sarima_301_301$data.Series 3","sarima_301_301$data.Series 4","sarima_301_301$data.Series 5","sarima_301_301$data.Series 6","sarima_301_301$data.Series 7","sarima_301_301$data.Series 8","sarima_301_301$data.Series 9","sarima_301_301$data.Series 10","sarima_100_101$data.Series 1","sarima_100_101$data.Series 2","sarima_100_101$data.Series 3","sarima_100_101$data.Series 4","sarima_100_101$data.Series 5","sarima_100_101$data.Series 6","sarima_100_101$data.Series 7","sarima_100_101$data.Series 8","sarima_100_101$data.Series 9","sarima_100_101$data.Series 10","sarima_101_101$data.Series 1","sarima_101_101$data.Series 2","sarima_101_101$data.Series 3","sarima_101_101$data.Series 4","sarima_101_101$data.Series 5","sarima_101_101$data.Series 6","sarima_101_101$data.Series 7","sarima_101_101$data.Series 8","sarima_101_101$data.Series 9","sarima_101_101$data.Series 10","sarima_301_001$data.Series 1","sarima_301_001$data.Series 2","sarima_301_001$data.Series 3","sarima_301_001$data.Series 4","sarima_301_001$data.Series 5","sarima_301_001$data.Series 6","sarima_301_001$data.Series 7","sarima_301_001$data.Series 8","sarima_301_001$data.Series 9","sarima_301_001$data.Series 10","sarima_100_100$data.Series 1","sarima_100_100$data.Series 2","sarima_100_100$data.Series 3","sarima_100_100$data.Series 4","sarima_100_100$data.Series 5","sarima_100_100$data.Series 6","sarima_100_100$data.Series 7","sarima_100_100$data.Series 8","sarima_100_100$data.Series 9","sarima_100_100$data.Series 10"
"1",5.00153962508098,52.7726518656913,-858.597304800325,99.9244864242784,-87.2949864169783,12.1101657559472,-23.3114508974502,35.6299767340208,374.500711262464,54.4916124593922,2303.41638420959,798.671494022204,6151.40743414381,4306.72659847221,4466.49118610825,1193.6525845567,-925.679582193305,-428.258888822658,-541.831767655951,683.064675353946,216.399549686847,1058.49346012719,44.6519792835857,-3.0485606603502,289.538974976121,353.425996215713,-547.893379070837,14.3856064243598,-12.3959866593524,258.626682206004,1024.38710704732,1786.03527812075,128.670622382277,1051.93586821145,438.871120988795,422.130807366138,-240.302847557123,-324.561852624017,-211.661309962275,-2412.33397566426,-17.8806641367494,187.938808163359,384.0014814013,-799.737198812362,-546.277197200619,644.886122214456,-470.587102185139,193.845913246371,244.063193856986,-513.266046952672,-220.650885916988,723.24383931135,345.378445648062,-581.813112874705,-267.927837569607,-457.92776120879,-160.978198566052,175.173214963965,23.05984858725,165.960084461918,124.721668952787,236.517027127545,17.5192170244506,155.498697918635,372.886085433025,-0.812882924383262,295.48571084683,16.3710141484324,89.9745409684817,213.973588277557,5.00153962508098,52.7726518656913,-858.597304800325,99.9244864242784,-87.2949864169783,12.1101657559472,-23.3114508974502,35.6299767340208,374.500711262464,54.4916124593922,155.684496623358,10.1805696953282,8.33359896223766,-8.43015060135392,69.5475913907804,-8.32417825844781,-34.0432802453313,-0.726699678147867,-42.8116766910582,13.9253719190291,-98.5662329647886,215.840501196192,199.621623048072,-4.75559004281434,92.8944670356274,46.610204224901,38.2445928810879,-142.70766220416,163.398888608195,598.863139892576
"2",-27.8214655595569,39.2522816826805,-916.347832219715,224.276736033898,173.810535727316,138.807954364064,10.6084071107065,30.7813313425982,-349.896380058869,73.6505269348454,3380.11584643604,1058.4478033803,8548.72100725444,2112.17076063752,4669.28713873617,258.667441490831,-917.383809912281,-118.540229973851,-652.59916918251,459.254853937879,252.70888419217,828.86060619346,36.8553501129683,-13.5892493908592,197.810833892636,378.289055784591,15.2972824275397,473.903172192514,399.862587028952,554.305964612098,1114.27389435909,1949.32546485456,-538.907235924002,857.136144268186,830.14647109414,298.937818142722,-92.1288175171542,-175.147074462849,-663.984696504608,-1352.32036211099,-6.96706739979132,215.200079802051,229.931358236718,-737.064861582432,-609.873791642473,-474.318605414671,-598.861596285473,185.120526830504,552.054172101266,-479.951030940774,389.357367560668,202.63600769691,231.072278095857,-443.552029480925,-311.332592177424,-229.758804571851,227.854365350753,540.067272025423,1283.51913633784,-137.955400369174,291.428696148653,-158.979171801172,13.9671955410996,124.329292621108,327.517317721027,3.490917949893,108.16452083292,74.3003936697373,232.078575499796,108.65591261861,-27.8214655595569,39.2522816826805,-916.347832219715,224.276736033898,173.810535727316,138.807954364064,10.6084071107065,30.7813313425982,-349.896380058869,73.6505269348454,137.824783440231,5.24241049210925,2.08702067248695,-2.72048856203589,-2.73628418345128,23.2446239668125,44.6628542977001,15.2107739196551,-57.6694393761239,-8.82110616908854,36.1255421814954,304.099515779866,118.737089051466,11.133818295298,112.837114865202,185.288794140704,-45.6033202384272,-43.8384799982513,203.667667535673,475.574149249616
"3",-10.2723711583311,12.0988711556303,-417.417051279584,95.711315546936,-123.799272466809,132.354734696075,2.67202989433578,48.553122188199,322.615374512354,59.8716497158376,2815.41604809739,377.91104291415,8261.25160305715,3392.93342377675,5176.33509564319,957.010050289081,48.6022510054855,-533.185758440299,-570.075043434935,761.945450619135,209.065672490909,843.381042865337,10.9061757828407,23.4857149563343,365.980136008903,367.277803674224,1745.16641150248,571.827696381398,108.982420034825,142.622281224369,883.317490347813,2287.25522739926,-216.096748077974,279.713981337008,603.984012446848,374.584070033154,207.558984660469,-35.3146495891614,-683.146793920706,729.214794376295,-22.0782679824809,37.0503355552925,241.699240084372,-716.906313378288,-242.148228638112,669.560364671272,-43.2552557802363,286.649337512044,20.2118571437323,-434.032589645623,-281.86686463224,-558.620033295898,22.0132795026178,-286.463266196371,-363.970794825374,-215.922557341943,-307.927915978966,84.6845250275368,1441.60097941203,-397.532784583686,2.20340442420806,375.981570820195,21.2721770045857,289.900516779269,249.296062142816,2.4659527518185,244.359402011544,12.3252752306446,219.858824120995,119.625425179614,-10.2723711583311,12.0988711556303,-417.417051279584,95.711315546936,-123.799272466809,132.354734696075,2.67202989433578,48.553122188199,322.615374512354,59.8716497158376,130.826745958346,4.52965979415718,-32.8947248450021,8.75785784379044,-132.632124206876,-21.0305207657861,-49.4009807358798,28.958772485146,50.5336653129761,-1.69107930572609,-36.8874788559794,663.800451712559,135.397421515484,142.032849544306,54.7411070022129,80.3629085326993,91.3578422203804,-87.9191492584327,221.194762211527,30.9875070154671
"4",-2.28045374714194,31.0433188312096,-302.461512396447,246.018460359477,136.496336181002,-8.87081757888276,55.6772377474984,-27.0169697302637,-322.206412238618,36.5180044323237,3193.89798843598,612.802541350858,8892.97760810016,3407.3055284133,5305.9827066855,548.276272606503,-2593.90895496323,-317.174074856299,82.4805848781965,658.288724888755,88.9884194671357,547.82075382318,34.0002110832966,6.51445995842003,227.744993146449,248.253415973804,566.790217673954,206.534967989504,417.069019209459,320.354442539833,660.128282130718,2068.85610707529,-473.189241219323,768.496728994762,130.875199753175,585.746287047442,320.864339660871,-225.890146239,-434.881381379839,369.146299231624,-83.7626624773624,174.151091242565,-29.6070119722286,-451.130485503859,-907.536029337394,42.8342845445934,-582.461267438984,120.220023636721,477.980546089212,-591.756511219943,581.076617925333,-444.237325147638,561.624893041685,-310.232443512167,-402.651225435068,-82.5263578815389,132.463608066956,444.544511088689,898.97203196224,15.5870732582033,444.538564261641,-74.1973160247367,0.101663624032351,82.7397920542847,360.581241043668,0.233156477670731,177.729349828611,8.6660843591213,102.535815566569,98.8990425824141,-2.28045374714194,31.0433188312096,-302.461512396447,246.018460359477,136.496336181002,-8.87081757888276,55.6772377474984,-27.0169697302637,-322.206412238618,36.5180044323237,141.274999881445,-3.87202145487064,-44.7122850202757,7.730171422834,-16.3284322748023,12.0691744270884,18.44106582975,3.40074652690676,85.9445257730396,13.8788276467559,235.120614770679,445.913478714078,313.508020498154,21.7276643910662,27.5067198214714,101.563108294769,-85.5045894667916,-50.5059869495358,116.127410417143,501.15548004738
"5",-25.9151000784002,55.3156938318285,-379.108388191437,169.166520217171,-81.1075181851414,-29.0758824998368,-3.31230569118241,119.189478915386,330.495147824747,28.0727077078061,2690.95677776461,877.513880395931,11042.8853876179,2747.2299526078,4716.41781387348,458.661712618726,-1529.22652021205,-804.152050648785,-576.726816584366,828.005427030434,319.515748809394,675.261538948818,21.3335902051391,13.3207041307168,-68.6281989439736,268.82008130766,-42.362281664469,84.6388204206443,112.619948849011,323.015875706091,867.509890569727,2128.60307712933,-301.107535728628,819.972479524148,340.959418256567,585.355885410647,-129.883526012307,-306.253198410073,306.409223269806,-866.002965783411,-63.6734693418338,22.3287295039558,48.1757276214785,-993.674243139205,-325.388684842179,866.8762218913,-580.012482149904,141.333544200918,1.47547034899286,-398.41954310868,181.367399473704,-453.404962461256,519.823200229222,-670.154387009269,-230.366206602938,-382.704433030878,125.084391329578,160.038910049015,705.802675454952,-282.386128983697,328.923190619984,192.459343975984,10.388376849763,256.62192072507,479.324615607245,-1.55187475210562,149.194507109194,39.2147179354947,101.385285113593,192.245083779428,-25.9151000784002,55.3156938318285,-379.108388191437,169.166520217171,-81.1075181851414,-29.0758824998368,-3.31230569118241,119.189478915386,330.495147824747,28.0727077078061,134.775081048694,-25.2606980069466,-10.1610687246341,-17.9380036319806,46.1890700035624,4.82038744708882,2.38929077184362,-26.9401119961183,-64.0764698319123,33.2325537470262,62.2776615797315,396.170163148839,17.7655461120716,138.388474305922,67.542047425124,13.0086890539343,113.200398463957,-61.8316255635331,46.9041360496201,399.123648576349
"6",1.67994535100611,22.2731863904997,163.667094603817,39.8118405478189,152.75888327501,89.8952655091966,19.6138705451657,140.014804171823,-331.66782534446,82.8538118734157,2616.75653619585,1277.06633298592,8991.13126083834,2250.17269971663,4942.67152271838,94.4584072888068,-2118.89806604179,-163.66388753189,-90.9580890794327,731.756587946341,468.469942681172,73.6222310418183,-13.5838828989851,23.3006632631015,259.849509581118,362.376940083241,811.770532007187,71.9376742981782,298.654733216317,225.353866361841,614.403458705295,1750.16889884046,-295.742582655891,1131.93150542358,125.964041056172,619.437706718052,-461.412147023894,21.5782170095741,-673.129517148245,-2630.1746414242,-104.434544103662,205.250261017817,326.518060369779,-278.416255778855,-774.268829543329,54.8766453555546,-502.086538140548,76.7176664301936,37.06574455525,-125.897972755123,-191.499367169121,-285.863396580926,304.045800614318,-184.377456531432,-306.034897572245,-43.7744307221854,360.470514469799,227.002924477543,548.484326741756,15.6900590612171,116.129223348234,80.0338802215867,9.08207077916855,195.032298868881,487.413639223249,3.52367165983705,2.21101662454252,68.9612996503887,56.7194454062888,153.075312119209,1.67994535100611,22.2731863904997,163.667094603817,39.8118405478189,152.75888327501,89.8952655091966,19.6138705451657,140.014804171823,-331.66782534446,82.8538118734157,124.063432458114,0.381952947198258,24.5203463928462,1.0575247645921,105.572895189569,18.9236061033171,18.971016170288,22.0789119818307,-62.6942803335009,7.23497172029847,-2.17063120608149,150.390369033941,257.308671752938,50.7295448585278,-10.5655386469,110.000864385051,-60.4551231995728,-5.52024329962094,121.239820088423,355.718079603506
"7",5.11532142000059,30.4130798119809,-192.869499847782,318.612619498324,-55.3782407646819,-2.15965006221138,24.0958182737623,95.1644265818585,346.544161370007,12.843254778565,2629.95295501915,1130.04727812626,9790.90515530524,3426.54736681054,5124.56146716117,560.799742725305,155.96958452632,-431.33331490452,-71.4397010691384,619.57436198922,315.960050334117,697.057062038695,-1.41518724466106,10.9147992686153,281.557375869714,449.571873803159,351.219118669791,116.850111566507,361.356421643152,11.5396284267799,731.580844735482,2291.0686947187,196.182289478069,743.875018506962,-9.32077523153792,586.628079194964,-368.273245633576,-546.677882882286,-1074.96986374504,-1722.86974935329,-37.8612465613964,172.916685862514,241.391301209295,-385.116974494486,-758.147459010252,806.958050238495,-38.3840352443225,220.601371013743,731.828319348244,-218.203175930908,600.210213820631,-202.322811649698,494.603534940538,-542.585337264029,-397.042829408151,4.41399582129127,65.2366021962302,228.806024474022,1041.17933751954,-296.931897133989,202.663627220066,404.394828354602,4.36580702422518,29.3320153550352,422.475031714768,0.837606565875622,124.5040277104,77.2166723063302,143.231153857207,126.34847862786,5.11532142000059,30.4130798119809,-192.869499847782,318.612619498324,-55.3782407646819,-2.15965006221138,24.0958182737623,95.1644265818585,346.544161370007,12.843254778565,107.568968894469,-47.7523289077218,-3.07301904763615,-10.6623544679306,-28.7968219584972,-27.0594516499815,-35.5457702479531,19.4684006442791,54.9939395940849,-0.329722209828733,253.091673513644,12.2666238573539,128.846575185595,126.197956354769,112.274566396963,-5.01058766053635,67.7808814324365,11.3494865119751,121.859257274818,175.716542613186
"8",-28.9054497513728,-1.53378080682402,130.291873013564,259.392358742273,109.364402303739,40.1610756002378,26.5355799766335,28.2492678779833,-373.218351583392,41.9937381914128,3092.42227733455,1077.69670899252,10745.5701472646,1847.20888758162,4735.53157205423,622.258644492969,-1196.24589625095,-676.630072301254,-711.103951206819,691.800821076871,285.048344915235,300.47133009692,8.5061562573866,20.1198087433923,328.15131685564,429.293526445653,-140.300652848806,579.579573561004,164.38598342766,331.129275515866,879.434269114786,2043.45820930419,-591.560471535598,727.716806989916,124.998334655566,-44.7438774150942,188.862699257685,-68.5246837657674,-958.193772491447,-1513.9868452818,-29.744892254538,190.049751063749,264.322850550547,-117.33406911608,-656.301451576957,-89.0944536890179,-224.846973427294,112.509795509802,459.927082373425,-179.615590993151,483.221043262674,-350.437312284186,92.2168884122447,-818.778195012641,-392.63496235009,-487.518544611716,-14.7018421982211,362.726802739823,1096.97614290101,-278.813305685825,466.895997362018,227.589844313241,14.7045525199244,91.8884365899218,276.140718778632,0.349275862241806,77.5707235846101,14.2344597418509,273.873686506608,167.841505519896,-28.9054497513728,-1.53378080682402,130.291873013564,259.392358742273,109.364402303739,40.1610756002378,26.5355799766335,28.2492678779833,-373.218351583392,41.9937381914128,133.003416422152,-20.5025214623224,-33.6055255582956,-8.64561680251791,-74.2149448478483,-1.66644890649417,26.8690620614191,-0.255904575385405,51.4828879346893,15.7657493884557,253.820556570595,367.511916384359,27.7490271816408,207.326280251571,5.80715499528425,174.111313181107,-42.1431337164161,-4.16088938031394,101.506448072606,187.401443744099
"9",-36.6963582333037,30.9998219400266,99.2887783491946,254.027237953357,40.618086921537,57.0413579429553,15.7874185480543,171.27413601426,355.219149689858,14.1975332302973,3400.87892027545,861.324704030633,11842.6349076039,3613.65838600913,4637.10513903883,227.213306665139,-1336.69872369014,-437.509846109296,-477.62715709446,408.698247784511,112.912560023279,352.309113049271,68.3275525897267,2.69046073755981,438.380603427332,436.351048291947,364.290563262683,176.410873247243,179.244921922868,78.053868628353,1104.94462306046,2076.83185718123,84.5885464503138,382.961208150521,26.8173315064349,416.215576081988,71.3806995746753,-116.562179120669,-944.004502344488,-95.7713903079493,-40.2383544491185,44.8864066409858,132.383044769678,-520.14499692252,-165.746008964025,911.141109533578,-42.5569652612235,59.5356137313162,229.633131136409,-127.393782970091,457.671739187821,-134.703907900026,418.276534764979,-254.823214108922,-380.020285005039,-23.8462369476861,-7.54275015949655,296.3655429089,-185.45974968378,174.682633720883,149.389687372377,530.624003598866,8.88367275363811,258.720300273482,775.743594108052,1.00211495837982,69.7787882700565,21.0739683304903,109.973604681012,189.459466781686,-36.6963582333037,30.9998219400266,99.2887783491946,254.027237953357,40.618086921537,57.0413579429553,15.7874185480543,171.27413601426,355.219149689858,14.1975332302973,109.643708001679,-28.990253886799,2.4044816058418,-2.89284956018852,-66.161041107904,-1.47352852682684,10.7658594616462,10.1158752155491,-48.7754281661986,25.2563019664485,190.545120566777,830.437954634401,287.220509584895,26.114183499345,67.6087451166159,180.587946220478,57.1834526947735,2.30301142625775,135.942124231785,9.43127916448609
"10",-5.44373918327993,3.94024147295064,326.749010463368,177.10015479967,38.5255751097016,52.4356364537425,-32.9611081453238,111.962906464818,-328.812573896749,52.3206233446016,3498.86685457582,905.182170847895,10794.4816297655,3484.88488577304,5243.03378091356,11.9204832622051,-1404.17012171287,-668.924059936536,-449.615108292521,526.159238238905,438.339348409439,287.035641625579,42.0496757643398,31.4041796525662,434.505877160727,239.705590431215,428.950779454313,117.725228181754,147.104336070787,479.55530827685,449.649732698774,1980.89141949618,-292.918979862524,966.163911446546,528.215089810391,257.408189180829,76.7434971984784,-127.446122553328,215.453514606469,-1331.51243888227,-26.2926058916021,59.3328421562827,-48.1564252635968,-763.196364837839,-504.064633700071,24.5573063838026,-281.018904607962,289.530344124046,671.473088511269,-447.099666037434,171.386685393468,-99.3971636724738,-39.763474456636,-769.421581568662,-325.073052071073,-359.13714803027,266.379635054258,58.1798270291305,64.9511982491048,-243.459410593671,16.9056591905283,177.216992838723,16.5931374011725,243.545813966666,72.2512153202312,-0.544610972303626,177.716379190626,63.9967841740324,209.443963527121,95.653277492224,-5.44373918327993,3.94024147295064,326.749010463368,177.10015479967,38.5255751097016,52.4356364537425,-32.9611081453238,111.962906464818,-328.812573896749,52.3206233446016,107.705840419579,-19.7168344341256,29.8384941779635,-11.3019406129144,86.3773050864736,28.6506961083715,11.1427440511747,-4.32944916631824,-53.9363997979707,16.080041411373,217.056227581117,480.948964504308,20.7841490224188,13.9774779124781,45.0919138470761,152.038466276707,-28.2932311033236,5.17438714155528,139.485605247023,45.0679409265217
"11",-3.83722898061312,12.6640578283816,141.09743398441,267.134824648088,-9.70125960656833,-21.0496577965098,45.9299035749296,75.5931744671285,341.606743380241,109.555238522226,2937.80617083913,613.513656814484,8154.94981822167,2921.44695635377,4452.74745351926,304.971945388527,-811.390384027617,-785.432012954572,-788.373693876775,312.200320416687,244.389415289181,474.132185321632,16.9459565744945,27.8284905511148,319.615431521985,342.179797648636,90.9465990589663,374.373305011267,293.151030996488,310.735693970579,768.119186452387,2022.21966735645,203.312664248197,1211.1967188335,825.218976488345,239.250986628762,98.2916258260517,117.461751224222,-1765.39334401798,-569.32987727349,-59.1970319929827,191.842902576374,285.703280185985,-480.941298924598,-184.787650066935,453.644583121454,-420.068629784275,42.804081703964,938.953737361893,-197.474847349637,466.688045392877,-71.7783348897052,56.0022628449042,-364.148884094465,-60.4179874498555,-497.690829977435,211.169913328332,-77.7128687626619,1316.62452405467,-263.915568443569,481.117744315226,359.10934979257,2.61201257809084,95.9481035888162,710.527833033829,0.0143704305101073,208.382638907071,25.8526795202497,320.210169454993,170.803503417207,-3.83722898061312,12.6640578283816,141.09743398441,267.134824648088,-9.70125960656833,-21.0496577965098,45.9299035749296,75.5931744671285,341.606743380241,109.555238522226,104.241611154948,0.336504940639877,29.4803800081476,20.102394564186,23.6483471453397,-8.50384109141041,-27.6845519544901,3.91315203295392,57.0935755025357,14.7665022200043,156.027477556644,98.0624172119181,-21.7904929111709,45.4149979846584,77.1470303222429,172.906389791171,15.6884541501964,19.7774222686299,142.461399424218,471.736513865679
"12",-3.74063352786709,11.6040916776674,77.7918042896497,243.970799461283,67.6435282433094,31.7536251484534,52.6254692865915,31.7014337238923,-308.977470460081,103.85002018633,2232.99299329067,867.615049904657,8988.27176801805,4113.34652905423,4855.98111653605,454.543940763733,-177.586360446441,-360.792472409554,-634.072594421432,934.016298556976,271.101713818112,843.03694685169,54.3632050769966,-4.09005713506175,109.027172679967,255.592260247027,685.425896918998,435.165482945107,402.74056681801,378.470236084893,881.235274680275,2133.07412167088,16.5658335353006,1303.22764428243,283.611333326918,286.609824928029,-168.157051975889,152.053582096369,-436.81009540363,-1964.09197805387,-12.0813323358367,45.2059387081339,21.6744474043751,-610.121743889454,-366.802395889511,262.003612459557,-492.32119673128,182.140800120879,38.6987288903742,-618.843834270011,567.149305327791,-203.099932597831,224.217263029834,-343.294594177354,-236.330964918473,14.6730432985129,23.9139337103663,40.4533946754895,-67.3390543760938,-290.339837037312,410.636485140323,274.562008856799,14.0836525005509,121.000016961605,552.378242407794,0.629919788437389,187.889787587806,25.4846222044616,279.432873194582,126.879013884195,-3.74063352786709,11.6040916776674,77.7918042896497,243.970799461283,67.6435282433094,31.7536251484534,52.6254692865915,31.7014337238923,-308.977470460081,103.85002018633,66.6424515517235,-25.641280304691,4.72393746583128,-9.92480382479191,46.2889595470574,8.12041778181094,-8.5980060337532,-8.58165966418255,57.0497695290283,2.60005522827451,98.2522665004447,773.465776637179,233.133213824288,120.578848423142,4.7720658084995,79.2232137765024,0.124278904002118,56.3413173545515,156.820795625294,334.17823070039
"13",7.87044789655593,28.4518275825205,176.963332944248,93.4694831519447,19.417510623394,116.713945633633,-12.4230606768619,28.0098647490147,324.711640968235,28.9543662982182,3070.22985293435,969.910984050386,9878.55987463092,3995.42764996529,4033.84481382618,541.690677872632,-1374.56935675065,-552.751988234202,-469.799513581535,863.66858621008,236.775294126632,148.404856966044,57.6781058535199,-2.05786569344961,87.5815536570384,181.67739706132,365.442441528812,567.130464269322,286.017006433058,596.472287460373,1051.08700596119,1886.38439842488,47.0360208831602,924.038617007576,484.13298843951,383.9162899369,-133.754346101317,-106.336877200973,-1612.28092754669,-290.452319085966,-119.760348248499,45.4159366804454,83.2024931966388,-768.674677215543,-602.642833873349,421.51671292883,-249.283178404272,267.418342807355,431.532831098134,-615.593434746431,351.770403105194,-170.740713925586,351.871187389433,-455.032630004947,-437.49604681431,-442.025148112933,320.980221189657,197.397338490875,1591.40500425675,82.1408913634886,0.771115330688213,80.9292851212897,5.80094282278502,68.9588301643153,730.82907820141,4.00008451059837,106.610634061675,28.488070537644,253.876010283709,172.040494988446,7.87044789655593,28.4518275825205,176.963332944248,93.4694831519447,19.417510623394,116.713945633633,-12.4230606768619,28.0098647490147,324.711640968235,28.9543662982182,83.1916898572179,-0.881180111734924,-7.39833561067335,-9.2359242254395,-101.219468633279,-4.91203232287816,3.29759188319986,-37.1636505340008,-64.103889879971,-28.8273982417359,-6.67449185851458,840.063625824612,75.1244554597695,8.6536598812207,58.4319556064118,65.710804487596,8.70808697564254,49.2546194162317,141.951601436186,331.360974857074
"14",-26.3279047802973,34.3599774733574,-33.7983650032111,254.588189564702,68.2500680339836,13.5681190970699,-6.85710146839963,-20.9255811023467,-281.601611385696,2.78829924803665,2371.00101898318,1052.73652284595,11061.1974287218,3394.82049258403,4599.49406354776,199.603095238281,-1325.84612357058,-350.453056940124,-1066.90679794624,627.492236718448,452.533018257261,657.754453205903,65.6733618094588,19.5675166886188,-2.07311923351053,303.471972930587,345.192023282295,43.8085199201827,114.722116780315,176.531099935007,1186.06687619874,2583.04094132013,-527.677315862333,1257.08631271737,744.460126177273,642.3940759586,11.7549436366472,-338.820298401926,1139.37465481567,-1089.8458061153,-30.3559133542161,41.1786655394083,215.0931405016,-1000.29863692393,-737.518536524047,-27.2914050956246,-528.403425423121,178.94953060064,176.169973744035,-460.631421719618,512.286876825187,-307.702615250558,146.088066818911,-430.776728032247,-219.402788604965,-140.973902570502,-5.73224844790117,-48.2220272883614,756.728413790352,367.381199315657,245.938423041886,494.429133959023,21.4856352344259,30.5445717509235,449.845063954624,2.88579122706142,34.2306292233435,5.50144923937765,245.136333566068,128.443214300754,-26.3279047802973,34.3599774733574,-33.7983650032111,254.588189564702,68.2500680339836,13.5681190970699,-6.85710146839963,-20.9255811023467,-281.601611385696,2.78829924803665,57.7937393673468,8.63204572239399,-17.3395449099204,-4.72566530344546,-7.75047919095427,4.04180608217214,-1.01014666615971,5.83432181306589,-65.9859204092568,-38.544076673452,231.621525279905,224.460520111007,212.579790225433,55.9091013328217,53.8299492915244,171.924561390492,6.09918968497945,43.019188400279,122.13667480774,369.571148238867
"15",-17.4206498812649,-7.2171931160342,521.59914057794,44.3346625773309,78.5070744213534,15.9262561045588,13.672632741871,44.995030548175,268.180482694718,118.499156120883,2414.64551254146,1467.88224426637,10028.400762751,2887.04645023374,4594.30482412584,632.26557047695,-2040.73497994282,-937.085073579788,-1054.91297492026,677.131887964512,290.97985173338,109.361162618016,37.2549137383662,51.1951085009678,131.978327649442,298.639026172868,972.27259116033,401.097600736427,44.7688755497401,597.351636125685,974.285697951261,1900.18059035465,-482.746716763993,715.118439227957,613.980362770568,339.197301318602,268.197576256017,-24.1155864299696,-438.666545909922,-1376.37942114624,11.485152010829,79.4270762001635,172.580705798307,-397.753893148716,-805.013170339882,381.223259674143,-108.978442823325,82.7172655399842,439.665444444528,-552.958786864289,290.238997999395,-264.984016766786,454.678348479077,-808.44202964968,-287.846908326695,-479.571049134503,-40.7789871902543,-15.369708684376,335.937209144347,69.8775019718728,218.202525143322,88.3003953634358,9.63298889818137,275.320682181327,744.062053963001,-2.2033994771557,137.329430829683,40.1405480531997,30.6014181525373,119.758589675347,-17.4206498812649,-7.2171931160342,521.59914057794,44.3346625773309,78.5070744213534,15.9262561045588,13.672632741871,44.995030548175,268.180482694718,118.499156120883,40.6076488877239,-5.5577481273893,5.85224874153036,-26.8514134020587,-10.8799936047552,4.21342889040171,44.1285327381134,23.1900648771405,88.8342468940117,-26.9927802081755,99.8472803791573,44.3354630360352,258.129188996516,82.184122394504,115.734460308174,95.6763706295057,18.2480511086057,17.9554379920179,146.074321604029,473.52163250707
"16",-4.43906188389614,18.5166368806572,319.045981030605,248.46646966627,7.01797630458959,60.7949682627026,64.5874971730118,25.3889066729341,-262.661991600431,12.2136207693942,2923.13114154094,1366.29162562582,10211.3148278831,3402.00525602601,4430.90908379554,363.198018550773,-1784.46067627114,-569.780780893996,-1139.25301660284,427.929111779696,23.0296534739118,794.131364980652,-13.9721874546166,74.2099150325044,284.739744586843,282.9148060077,719.287259892041,231.457489154856,64.2901158266406,382.451905407441,480.979594978598,2286.21727624558,-264.99262766479,601.235134000817,845.535475066748,155.356558178192,389.912478938554,47.6326979024008,1077.08402113259,-1768.64424955485,-151.420078886092,-19.6730890709862,69.5536280246071,-203.434242348135,-857.518178196324,365.781664773777,-214.092041598467,161.776751954318,635.278952161491,-48.0984779665995,554.197134645955,-13.7881236499156,91.6299920017898,-412.648300490281,-158.589984461715,-135.0833557359,96.5819836423379,-7.36925236251906,1592.31872897426,-172.653122267735,371.505833641373,400.572759636247,18.0159973085838,201.792006245043,108.536732908028,5.20341847631513,104.593067387929,-1.87316511317132,188.639098784662,134.106648927118,-4.43906188389614,18.5166368806572,319.045981030605,248.46646966627,7.01797630458959,60.7949682627026,64.5874971730118,25.3889066729341,-262.661991600431,12.2136207693942,52.8188827387869,15.1047868471331,31.1620259921593,-6.4178633151215,103.499868486657,-22.5744800162293,-1.30059817126416,-28.7949168867539,75.4043263246556,22.5877605854353,147.770706703027,518.835275357459,41.0765423392392,47.5327889896438,64.0024500997016,27.7462155702161,16.6810520788504,40.9976007025784,33.3407660134673,332.458315425635
"17",-16.4556488827499,2.49441235253562,527.563034128172,222.583010316855,21.7572091988203,45.5069865777516,24.7723189681441,174.784183449919,255.422210699366,28.5362990361682,2213.19360998196,1075.01173309639,11482.1011186451,3914.06109000428,3593.3343639783,910.093443206898,-471.159772353026,-924.903074109651,-885.287695257757,810.67669472129,341.351633758117,98.7728135908907,31.1103156412216,89.7286760281074,148.915706811034,220.041484976971,601.596418341706,177.594668255326,296.004218967889,381.834899063726,803.299192711649,1708.47306798437,-91.3841074492141,1197.87793698147,580.666959872992,622.785744736891,-41.0915845189495,-195.544395194127,1006.02032707001,-1693.17065012605,-68.5048357293689,157.257044757298,186.742815563245,-577.276423246363,-673.724872688098,283.084112148269,-347.422242023718,217.342614935709,161.756717704132,-300.703984591212,362.425739243491,-237.410188155065,410.850224400116,-297.748538239258,-357.137087201992,-542.933750358961,-151.563024911375,384.076640244296,436.825873628129,228.42428852915,174.686649366108,478.877181452825,8.2998543207391,72.7961853553002,349.471538909739,0.207088707409354,115.73686900571,35.1569346923402,107.193131092274,16.6946358502919,-16.4556488827499,2.49441235253562,527.563034128172,222.583010316855,21.7572091988203,45.5069865777516,24.7723189681441,174.784183449919,255.422210699366,28.5362990361682,45.8004425569954,34.7125544830808,-2.51970998091907,8.34238865399487,-35.4428221013961,36.125045364083,-61.6022320627809,-23.5887748482212,-66.8320380985468,31.6795808882203,139.843157737603,80.7440698427187,-0.325391427324687,-28.2822263365248,30.6946781357315,190.316059696097,5.56451504581656,27.6606306715441,41.0907930241876,186.705195707918
"18",-30.4654553078736,61.3607323211815,438.082027087144,14.3346102373531,32.2657859626611,91.3550265531814,-18.1445407094212,136.108415938422,-269.532865016885,27.5488435162124,2372.66845855426,1081.22408151498,11198.6153521572,3062.52131004428,3719.33745232636,739.868638959714,-1384.942358765,-424.204919203676,-916.019495747273,446.938817285049,183.612715838427,709.545780860876,22.9768518898191,59.9017666479252,362.297121266441,299.8193959575,540.390528665641,539.047832926849,-8.97036357938214,338.404662635175,1068.44348969125,2046.74154110533,-602.9822754611,575.768635957944,436.401066085668,292.999223654133,-107.823942309177,-205.927142189155,361.928191500087,-1647.19395710028,-68.0837616123725,138.986426012471,77.002550682858,-1105.77092682731,-582.287570959896,175.705082432482,-413.435637239084,330.797911333041,-24.0028651746523,-191.436704768164,638.783387192737,-140.850403346164,291.909149165758,-925.574106573524,-162.22798436814,-517.271557120682,210.866407157311,342.843409622497,1307.64023062385,18.5762276857726,136.80849577732,101.047106427502,8.39607257276751,61.2359321826225,268.763533883316,0.40101831409665,46.5651742439134,28.179487873617,303.32761147316,161.936942878159,-30.4654553078736,61.3607323211815,438.082027087144,14.3346102373531,32.2657859626611,91.3550265531814,-18.1445407094212,136.108415938422,-269.532865016885,27.5488435162124,2.51082596172727,43.1866100126421,-28.6510967391564,-20.0542832713721,0.940738001293927,-27.7816153910377,5.35309456503812,23.317187282473,-69.6463843439261,-4.15925488773142,79.4325854300365,735.020757602609,52.6761836828941,113.548235703363,107.393398795378,56.3220924346764,4.57452410751554,47.7350943324563,93.1416650331436,564.823012053473
"19",-11.7077561041624,10.6835430618383,262.093457032854,187.302548564366,99.0299239997362,98.5667980998224,-10.1854117008595,46.1111210567412,281.558094156143,57.0889689047435,2677.5693752997,986.683945225189,8976.89857692051,3648.0614688033,3954.56349198301,521.22762224398,-2549.02991764642,-769.705308459224,-823.661122890062,951.260008769714,330.240120489744,30.3564143898195,42.5629944144909,69.3789166000008,245.236335494021,196.472569938122,483.974851095566,239.019524914514,320.269211686114,540.351462857641,793.101753405872,2157.51551651486,-320.230543849515,625.525678822847,238.686430548537,19.9079436644752,-63.4223073970041,46.5676100120181,19.2639913465958,-1467.55744667089,-23.4640515719751,125.368333564905,113.201996201524,-850.257029927626,-832.355872659572,483.452836244086,-451.097954208512,171.981649353815,476.762969490422,-104.01450308151,351.328917905081,-597.011202003614,-57.8116356814502,-543.283594249862,-182.708912430146,75.8814127969642,5.01110549964273,228.549343518908,1016.32649112864,-141.684106493631,442.851171263316,424.817538951283,17.3682234700585,227.459180750404,293.783653339835,1.66401320768503,33.1126266698865,68.6202467157884,243.640265553467,72.6366328892901,-11.7077561041624,10.6835430618383,262.093457032854,187.302548564366,99.0299239997362,98.5667980998224,-10.1854117008595,46.1111210567412,281.558094156143,57.0889689047435,1.77814793929364,11.9909958913518,0.488243591394264,14.9890590027135,-69.8593398325162,8.01492416381982,44.725574553594,32.819578109401,48.8712949443639,-12.3509088589842,7.89647212791359,429.230773562193,176.773376149304,101.100149356421,44.9419877732569,150.250877738849,-6.47030983192978,18.3757774354115,157.691057530444,470.578550244935
"20",2.42250014825382,64.5714405478765,84.6008631190158,-4.45232796029219,23.5580009424544,1.29404620516123,15.3443839541412,37.0993131858505,-254.064850908044,14.3117049030262,2515.52139198787,673.224592291482,10817.9051593386,3597.48314948137,3750.60969947311,212.164467933245,-3081.49072141608,-933.66822383568,-941.737561896147,744.814132955727,485.658232766687,153.734027551651,17.9001604782929,71.5116084040151,315.094585703949,387.100572189576,855.636235459886,638.6363654251,300.906097152365,138.221910448333,948.10738117253,2193.75584347154,-628.102069318167,1151.39781039541,237.884358904429,36.9925397529361,124.251527421739,-468.745147282417,316.487262187438,-326.950447603986,-63.0551232363843,35.4835992249394,369.993892974122,-940.36412727486,-539.831555441339,473.828387458076,-406.304848301655,256.821456611187,508.229741214138,-536.065435269929,-328.418828004605,87.1030154036443,121.641174928507,-786.629465236458,-307.965596715814,-19.5947012040905,175.798903126798,-145.750809000269,505.135507851751,-161.830821935455,413.256495644641,323.326377422481,5.7982970881116,12.365282643412,667.430328884682,3.01309661611602,165.164907327745,3.08615911223226,0.958315991182982,106.958149232394,2.42250014825382,64.5714405478765,84.6008631190158,-4.45232796029219,23.5580009424544,1.29404620516123,15.3443839541412,37.0993131858505,-254.064850908044,14.3117049030262,20.7447292095305,15.3151569861809,26.834722923354,1.7318130122776,33.6486720933317,17.7774245815167,-14.0035797540416,8.19814272853415,85.952479899972,-20.4375407686065,202.161404243268,895.517400139931,72.4670132259762,39.4818867985857,-8.49927708538252,165.699166665958,19.7189178475143,44.3789759783422,60.2424939229788,312.880052101208
"21",-18.5670668468557,25.5441148437001,53.501017857482,22.0488393175125,15.3904892426831,111.598656782148,33.7425196960459,76.6630391232096,284.227809528647,79.4592592826911,3748.16564781953,892.353209333005,10531.0298021084,2345.00556603657,3875.09393963041,434.978323742512,-159.12468174512,-531.956878656311,-529.349780268641,422.620602682609,108.085926360612,40.4081358449135,22.2748066349488,4.83490262693543,-1.46819176955729,188.265522381834,627.198943734403,71.091742612676,72.3284588104409,631.707138276854,522.742369834971,2407.13743748517,-200.660150213007,344.778668764048,744.905672391655,410.318241841245,144.052697847945,-641.677706601364,979.496205277183,-825.175989627076,-34.4276311543521,94.3473035852822,314.822972876558,-169.841178413292,-48.9096539620187,423.909588191432,-295.17922998637,153.115744163413,668.45568094557,-251.47976354805,625.613835318972,-35.1171787470986,393.284828022739,-717.568967529816,-149.161242273754,132.700783516995,-311.108048920038,-17.035936555892,26.705151033879,27.4605917061807,358.832532375666,446.090167195815,13.4088534599442,188.344039283539,3.83055753999244,1.30164276547486,92.0597746657674,9.57274320948639,271.594428124382,87.210104123546,-18.5670668468557,25.5441148437001,53.501017857482,22.0488393175125,15.3904892426831,111.598656782148,33.7425196960459,76.6630391232096,284.227809528647,79.4592592826911,13.5281877384968,2.18581852746757,11.5199282830003,-18.8070854645638,7.40638416943249,-2.57359917007742,-24.8977067116981,-37.5733976059071,-55.1965140935356,-9.37417049398424,85.5740017401403,122.870820541388,131.868977644455,29.719717519986,168.067494930712,147.928482498122,19.0185078376963,-19.1681519898677,131.094216352132,156.640099111675
"22",-16.853690747656,41.9831617102052,644.75121840765,136.746471251744,21.0652601179959,94.5109262217481,20.386859229182,163.200669224212,-266.043453767939,3.03787388873175,2934.90833546727,451.018653117511,9128.61166902527,3871.8795554052,3796.00315523222,331.183851987512,-2119.52953972049,-454.450984195215,-445.004754531437,396.918138914574,360.035239060181,869.525310336739,63.2601900259788,-8.62025283973595,512.366858375253,246.538742464138,869.622870662076,45.2080666027829,96.1430768672619,265.609615030379,1220.00650317449,1805.11881615481,-352.607193541979,1048.49480556109,813.33635886462,316.761871537136,-365.668435898398,-671.372935570283,-901.171227676368,-770.936816788018,-71.2791585013737,66.4174449380293,223.358660822182,-309.161140397398,-494.93162164718,204.263753396244,-560.035248749397,220.972679659484,374.084824381595,-8.93691231008005,287.345330099826,-53.3285670908316,92.9055763934393,-569.871012546711,1.21869801646766,-15.6012622608833,105.194089979596,-119.600134524731,47.3762545727354,129.913196631915,379.659343702004,39.9891987413734,16.9941927137266,88.1905830811626,347.371711143533,3.57385562364386,191.111331333782,24.3543501983826,306.270277590221,75.3973998005193,-16.853690747656,41.9831617102052,644.75121840765,136.746471251744,21.0652601179959,94.5109262217481,20.386859229182,163.200669224212,-266.043453767939,3.03787388873175,19.3315791764871,-10.0266397970053,7.10715470408762,8.28647140675719,58.1515623482432,-14.5272236177207,11.762743974893,-14.4358209430679,-102.881513047909,-6.70489903314359,268.97531384951,448.931062320086,244.149725410944,46.5144263763907,42.9628599464337,51.207164511404,-3.36957486144675,2.31809460556403,108.392456895948,15.590078132555
"23",9.65021871171448,38.0362322579113,681.091572532501,16.6840042419072,53.4654513583831,1.65640081575366,6.10575715148553,97.4285047723803,248.980417405711,57.6818655651915,2699.66139232924,1087.65890440469,11192.0532142359,4518.13004401092,4208.64838176956,647.116735424581,-2943.46448609513,-1270.02306292852,-361.97441530528,647.342287037893,-10.0476614028682,425.110821914126,16.2211529512531,5.37271037683453,49.6448105118337,273.024756445844,592.046948761057,105.626635953277,104.927710348494,64.7120835158846,887.919860328474,1736.78121359044,-322.213797711869,684.152321259872,97.9324804918236,38.3527077108741,-179.621284994389,-669.082359036481,-538.025419645745,-1407.75974230195,-81.0034618136495,51.294045336062,88.1267306425912,-570.094539040132,-328.453136156003,639.775479725851,-552.906466578879,249.200840900622,675.075879659741,-27.6810983115092,483.946964892464,-164.717868635137,92.7543922675188,-475.557495134999,-468.616144922827,-37.381695556803,-86.9010973028713,124.787018493105,722.795505923614,114.355045260576,242.947257445484,396.35512781173,6.08531066623591,189.664387749641,130.279562379432,-0.0831927285499925,135.277424363142,35.1370413566315,69.9071845061859,107.825945659034,9.65021871171448,38.0362322579113,681.091572532501,16.6840042419072,53.4654513583831,1.65640081575366,6.10575715148553,97.4285047723803,248.980417405711,57.6818655651915,2.27344184956915,-22.1505460886967,-18.7835369708746,-10.3588216670393,-60.3377946697957,0.424836720017808,22.7458247320495,9.11438034642376,51.0285048527723,-6.31767953166035,189.423763607053,887.200904170177,104.004267037436,145.764037998227,131.342927605441,87.4177503502466,1.39675229289184,50.3220954655887,71.2574599627478,390.344908158562
"24",23.5485709330732,-19.4938561452558,661.3898114231,45.4990905128737,-30.7291235301497,13.9746888682507,-15.9711199439993,62.6835708145606,-222.069699629065,13.0949226685967,3649.02637359968,1318.01685392857,12237.4817807219,4820.12418745137,3915.41094774955,611.073624165505,-2556.4973947921,-746.229820070085,-556.315753031536,405.56992047449,99.4302705488672,1029.31220622745,-32.6479756971927,-9.00518181736505,-57.517157821133,307.380710522086,-2153.88993853344,271.885665942371,218.789038920579,-430.499306673429,728.316729750948,2625.10065226014,-655.423241360444,1798.6761300339,115.149471500913,71.8840378824884,129.567652532523,-379.164452119944,-72.4246205102798,-3819.75251549356,25.2127381473423,16.9756431401458,44.573014048107,-43.8600425719131,-419.284208645356,-436.794579039421,469.473047080096,-22.788538747085,641.666186373639,-138.624898160426,26.2295377931157,512.120225881431,250.451809857311,-56.0926065055279,348.242496147233,1300.14120901198,656.767487950904,172.409087548283,178.997018515734,-64.9323744973099,146.918796681245,248.778088631278,-4.50267850066385,8.59676964686418,15.1615860354433,-2.46991130839748,46.3746318753475,15.8789232240444,125.532016230239,108.193197156872,23.5485709330732,-19.4938561452558,661.3898114231,45.4990905128737,-30.7291235301497,13.9746888682507,-15.9711199439993,62.6835708145606,-222.069699629065,13.0949226685967,19.8233333479718,0.09935089858695,-23.7683258380318,-16.3475622687739,-5.84404569379066,-22.0956339370416,-16.0336453058245,22.0552362493632,84.1375485505295,-0.0952913256882439,4.68183919265967,373.329191126994,4.50352104834164,76.7857807783692,-171.724126686736,-8.6942321409627,32.7165521623356,36.2278573745857,71.0466156154224,451.769472896538
"25",42.8747221340581,38.0808444352496,773.016204249458,89.6919462460544,-18.2720057977252,-20.6494742011804,-24.4678644798114,3.45988774575879,238.623653871329,-12.0814445628334,3952.2043438795,1065.21933787919,13610.5114547703,6556.93358378563,4352.63083831876,1229.22723570373,-2601.01114844057,-1148.6308624944,-1115.04025994336,650.722666951229,-149.660567123659,1038.74630202416,-10.6411237846197,2.2003071302526,-73.8539670821674,306.476370266598,528.230127101163,-21.4165041256364,6.31623290225153,-230.119715889452,1276.41744318811,2674.09858659297,-71.6971920010092,781.399293239858,495.990811636611,199.423877781691,-427.35384586923,-668.688375017483,-764.469781395134,-3564.53274193641,-34.9103842406264,71.4361295895267,80.8159342781765,-498.168819891023,-305.192900926549,666.320328054003,6.76317756001036,122.686530002382,684.466402213763,-227.300669227122,162.73892650311,518.271172394538,234.259871905933,-355.669560771884,-292.289320328608,725.549449847914,-152.260381529378,-104.401985327776,384.962365511663,212.067619771798,-89.1773005724884,-180.009488483181,-3.47676816344304,-86.0841618001067,-332.626253087403,-0.259116050040167,141.486507386264,5.42737018596411,50.0065611593611,91.1431494485525,42.8747221340581,38.0808444352496,773.016204249458,89.6919462460544,-18.2720057977252,-20.6494742011804,-24.4678644798114,3.45988774575879,238.623653871329,-12.0814445628334,46.3594427304426,1.77669292600523,0.920354278645197,4.21348903613129,-39.6057598541227,14.2715928282234,3.06604785661828,-6.69727999203305,-29.6013883760314,-18.0460792442054,41.981661398113,187.703532516801,-106.000380879778,-13.5733173255149,88.8917981400559,-37.685228762598,-25.6581265686525,37.1999872239388,60.1988542973002,492.587342268992
"26",47.5622824878375,14.0491591104866,767.174420249139,136.565076427946,-25.6206666586367,31.917838966194,-45.027312467754,5.87921515388523,-202.015801432381,-10.8475850732574,5175.74048518178,1242.6665831199,16741.9655994796,4079.27771930815,4562.33483368463,188.449684257264,-2423.34277232793,-824.0459167466,-808.504808693323,432.347351941679,-212.076319953722,783.099337820031,-31.5299522777537,-15.5144249406108,-19.0731153464362,323.278786862819,1.56244382791314,389.844695850405,279.134144122881,-421.331925749243,1245.1021558374,2928.97793520193,-741.873779627693,1311.59692003256,752.411828881606,187.507595766124,-275.752724191784,-510.24834903705,-1343.71848682068,-2283.60076669801,39.4163697342104,100.902610010565,95.0858768103324,-745.356096902392,-554.762507122317,-463.954980683479,147.152658253281,92.1275275890714,205.113595903608,-316.27682199149,-219.606173517471,812.983395245398,171.77271850617,-52.3589136671092,-148.331041829307,511.159169817509,622.871287356827,307.779002123218,-403.004143682912,154.861511037307,-205.286719320874,124.697284670463,-1.23468815157111,-65.8067657519195,-292.153875512056,1.57585640603846,60.1506843122891,20.8621028164936,126.253476057536,45.3717846463583,47.5622824878375,14.0491591104866,767.174420249139,136.565076427946,-25.6206666586367,31.917838966194,-45.027312467754,5.87921515388523,-202.015801432381,-10.8475850732574,32.3633664933926,13.7661552054385,10.6615601094602,-22.890176055396,78.5111548715048,0.0933252797619877,2.92608418262422,0.313079077320404,-119.585720492128,-18.3620076869895,-26.4604262457073,306.441045407806,-65.3070657538026,-24.5291077680153,-140.599845146876,-109.522239030992,37.5692552612723,9.94772033721341,67.8082482726269,389.044879675929
"27",18.1582260145354,-6.43141833519222,313.254160915959,86.5910137401366,29.5283484363873,46.6315277353448,28.1328574258733,-15.8945372839112,196.136389710927,2.01517400206042,4625.52006163066,495.31340331735,16667.4792663876,5519.46134999255,5089.8079737592,998.114228225116,-1189.17179210053,-1227.88708333222,-818.743687827595,728.719204065481,-136.967002117286,813.289737915665,-15.4953850960437,-5.9762280084569,-158.358745187592,334.574246448563,-1686.82547431957,477.243187502621,64.4831748493195,-120.596277469021,967.139156277351,3264.29239535413,-470.759358134262,598.310383907486,559.14787495566,262.498570313608,17.6645379082305,-401.812921235092,-1282.11901504639,43.5778316269988,34.8662163870771,-22.8461620809996,122.801190651046,-775.364522973886,40.4873091781425,652.595070422734,31.1430697865925,182.22895215223,623.460962662404,-217.168066326772,447.076697979076,592.059503844861,74.1951726039245,-368.819290557777,-126.761820463133,540.609065995004,180.531663160951,-156.921750603051,-638.483943696172,373.355595516155,-1.53963752064818,-289.566886334968,-3.51252911217642,-157.807831136554,-219.71667964645,-0.626785076469401,117.167818787797,3.69902207611987,126.15898715617,55.4690045900652,18.1582260145354,-6.43141833519222,313.254160915959,86.5910137401366,29.5283484363873,46.6315277353448,28.1328574258733,-15.8945372839112,196.136389710927,2.01517400206042,33.3086086471366,-1.62511195759323,9.10428141808899,-7.82633699814904,-9.76704049442993,-3.52073602204922,18.7938317229272,1.37748555129851,8.22536266538486,-25.1065347824909,18.9766596416545,608.763451148918,-84.3067200525662,-68.831272215733,97.3344319019228,-35.0791834376114,-34.4197094682171,-3.70400927678807,82.3460680602019,62.4064776492337
"28",-5.56945629051515,22.982935498092,283.01864598273,115.047865713506,-74.1974467614813,-28.612640210815,29.1085713769998,-3.82327890809914,-191.303332064655,-30.3595084932875,4999.43379148774,736.434695694838,17469.0306170716,5477.33158909388,5304.6770541931,561.599574517113,-4767.88273086965,-976.831212911951,-311.740615377597,502.59348195586,-66.1459292385651,523.467397307958,37.2146678257471,10.9197568281263,-51.2971811911721,270.15056978079,-545.929204147801,146.453019572285,251.49926106927,-266.661615443916,820.12037808824,3047.83146982138,-707.161978751881,1448.74674649985,64.8891569468955,435.918214767264,118.049943462171,-574.805425567064,-898.385262079721,-423.570964869382,10.4147878431927,55.7736866845524,122.576719303533,5.15314224132677,-659.118003355383,-43.7834792967353,76.1195680025083,67.8953826868584,602.789484755119,104.654979554455,-234.275896196209,-134.60772602787,218.048281950911,59.7299101325679,-129.442831788554,520.792768019591,169.364405595686,315.717566699331,1.74598968689767,308.216321384164,-313.608269894197,59.2027540424241,0.026358170905225,-42.290674741524,-318.506950101074,-2.5725430018146,91.2294226378371,2.66438585118161,57.1941385182423,44.4183181829684,-5.56945629051515,22.982935498092,283.01864598273,115.047865713506,-74.1974467614813,-28.612640210815,29.1085713769998,-3.82327890809914,-191.303332064655,-30.3595084932875,35.89889554497,0.250824111203269,-7.3738562305413,1.99142551985314,11.3440413061358,-5.3018134357551,-40.0090467086526,-19.2829093151298,142.33845319117,-30.1731469205038,-127.808904159443,455.423734313415,-190.695883342319,6.68707316026208,-118.74062669205,-44.1006962525988,33.424859792951,-4.71495318168444,61.2274509780492,414.565781577111
"29",-48.7711251695328,-0.780531062575097,337.478544567598,66.5050237886518,32.9339942211972,-39.9667538259944,-8.99099338667315,-45.3364782460751,198.247235475213,-17.4899865665291,4459.42401742246,1043.07978541072,20270.2692048276,4755.03665697997,4764.4887650498,594.847526455285,-3110.1714113927,-1521.77460261805,-617.351661181885,928.693273214839,-200.711928479789,659.160956755382,46.8750355866316,10.7798916054673,166.656767379003,294.700860609306,44.6292148130355,84.4366454459976,85.0624982163735,-255.379630206602,1002.94800451766,3054.70702982463,-507.736194472979,321.482081582426,415.90823320692,283.089735593154,-328.422657161825,-683.42901609821,-29.0727918459097,-1917.58737146721,30.4203549044782,-6.27009818908726,118.018593947437,-297.373289823199,60.3980868429112,781.844202878146,149.62937497066,113.815975125377,117.30490355131,-14.2958299002447,-62.4230699412364,447.751748462302,110.992151483735,-108.455051059159,-219.867905029737,444.533047984618,270.98402427281,-72.5147700235964,364.50377290884,227.527314420033,-231.521693519051,-149.778919569077,1.70278242568192,-141.510335722073,-425.054620103315,2.14410523036362,74.1967157930342,10.2835476148661,59.675507932217,84.9169527248204,-48.7711251695328,-0.780531062575097,337.478544567598,66.5050237886518,32.9339942211972,-39.9667538259944,-8.99099338667315,-45.3364782460751,198.247235475213,-17.4899865665291,48.3826227548653,-26.1365489433957,0.211376920552237,-0.709734144402212,-46.1029301468688,-21.4025536763335,-4.11517614512803,14.3430498537652,-25.0100647925673,-21.7647777560281,-20.4468221755571,334.033371027509,0.981069829574102,-52.9505441692692,57.3181324109282,-0.180122051849647,-22.3001382987553,1.00088327364813,23.3336631034005,325.89125426172
"30",-91.0900560954627,37.5679732612035,-112.786434878632,15.0301487790603,-36.1504064857744,10.7263944295888,-36.4901766038027,-73.6103175272134,-178.082229143096,-21.4297131509699,4325.09826594055,1560.54356516906,17481.2245400397,4153.58715731334,5019.36345333524,111.005424525949,-4162.24389356347,-839.449927311351,-486.312570009314,810.393548940079,-344.017051552689,73.8743372584949,-8.56958931288609,25.2838084146777,-86.3105375199655,344.299332378841,-792.124812602259,61.5404061923033,189.979840853537,-174.547193900799,822.780568157977,2618.74832870681,-437.160359050163,1408.07518137319,-9.25002850955101,402.215628685904,-631.046612310227,-340.577198059137,-1180.08589039882,-3851.52327611458,28.349151066856,97.3060324259846,102.676232435913,186.869555396092,-323.992133284606,-63.5867956047419,-24.047376079732,57.5049030187406,562.696069844689,237.419848909574,107.391069630011,431.992858409529,-1.69175889502799,-66.1096618820792,85.6189951992435,346.124516854399,632.55032283111,162.766452478444,-183.264237265274,154.755574904534,-81.6567639985989,-62.1214735937754,-0.900718179102904,-108.056675794047,-429.988402252506,-0.204696539114888,0.0155268957459058,20.9500280951795,31.7452993021658,64.154671070536,-91.0900560954627,37.5679732612035,-112.786434878632,15.0301487790603,-36.1504064857744,10.7263944295888,-36.4901766038027,-73.6103175272134,-178.082229143096,-21.4297131509699,41.3495746519364,-2.36974838608315,-0.882244164522103,-2.17594937768869,-11.808653827249,29.5634477899198,14.9604185446035,4.88380053200378,-132.008545107886,-3.05943421109282,17.4404485046684,161.118722177879,-154.457371230118,-22.8531617154273,-88.6523783689737,-30.9071041737735,32.6003872609857,-52.02230316273,37.1167004833239,264.38778020502
"31",-105.346767476484,-36.6414133699409,189.641277176111,179.166261987117,-7.87006196805989,-0.402664608465616,0.356876019609932,-70.1040556298525,169.993793363486,-40.6145503837704,4349.92203975019,1570.63126144958,18623.2178372388,5479.96165308396,5215.73840789147,506.277979565422,-1102.39435120888,-1128.99561273706,-414.576581799813,769.71251824125,-223.501781012685,694.969466057089,-4.57190465500288,27.9794561083142,-86.4226949490319,367.719931944149,-344.526037882333,80.9375766328665,218.546610231535,-0.724878354875671,857.779635459874,3068.62988832167,-46.3762870726707,659.063216184404,-28.3475106981117,378.13411681444,-516.991313809567,-905.979872310164,-1760.58074779207,-2807.53787964937,-9.53523161394061,49.2277888917037,93.0563182544301,-53.6480530999899,-651.513568374129,770.441435838516,101.705714825917,155.127725123403,735.587956927228,69.378004680893,-251.298704183183,764.925282955757,235.331107173153,-213.608589532496,6.29155784130985,104.169239830885,255.128700155899,-1.23632097536816,-570.556300537274,270.118454301759,-144.598948556117,-308.895814653474,0.851158535742115,-18.8376930394683,-374.781284536853,-1.12690940965009,59.4314130755632,22.6386065484175,81.9614214266437,52.7016817530928,-105.346767476484,-36.6414133699409,189.641277176111,179.166261987117,-7.87006196805989,-0.402664608465616,0.356876019609932,-70.1040556298525,169.993793363486,-40.6145503837704,23.2237590269338,-49.3103941249431,6.39417701430382,0.798845142004997,13.3115586337194,5.6346765771762,36.220966279909,-13.3751908968673,4.55642301352722,24.5124328323727,-124.41548532823,-7.30958282135591,-90.445649477672,-51.2928873916765,62.7371141213747,-4.20432546361074,-19.3156953096011,-35.0174511315946,70.9299384030039,150.805910110533
"32",-92.9693087323988,16.1637544501132,-103.559646278321,149.678781970985,-15.2204046558192,-16.6558073913347,-19.7963533996771,-25.1887933108268,-175.680906527348,27.4285668026145,4883.69709284008,1570.60934074607,19761.5174201348,3719.11135245579,4812.63711380285,447.432052851089,-2890.00205943341,-1400.08702077131,-616.348403493239,592.54902183521,-196.050695471523,289.849624063226,19.5357404393071,34.146394336473,-113.617138632067,356.972203661784,150.630914459941,458.510694056184,96.2405616850209,-299.387705152093,1053.31176006974,2762.00291327348,-847.117557286083,1334.16125304457,104.22567605082,-206.416599101898,40.6381131914749,-376.878564144233,-1578.00517169729,-2462.21753582216,4.8159333431447,83.885978564117,49.4469568988088,-7.25524116658111,-151.635203323548,-189.45721951339,180.63162765798,83.6696677406556,457.521843125308,-109.502947654628,13.3765627945235,315.214147107429,169.553199228606,-158.09703374798,-71.3868663758796,355.885975701275,762.956971502743,184.253057628683,-323.868437240663,270.1868505254,-330.623978266738,-171.145224838909,-2.5207327203414,-51.2201535280869,-243.887633251322,1.28385346374852,38.6626415684385,3.4902771760874,156.441591378909,65.4899822954359,-92.9693087323988,16.1637544501132,-103.559646278321,149.678781970985,-15.2204046558192,-16.6558073913347,-19.7963533996771,-25.1887933108268,-175.680906527348,27.4285668026145,40.1433013412711,-16.1524033915247,8.15765128103779,5.26743301636909,28.1080911235243,-6.95198168588252,-40.0626588807106,-11.1242491545287,131.456501659777,17.9773428415458,-117.069576632115,348.082659837913,-33.1115667908436,-86.4576227059232,-113.744295153181,-67.3680630146154,25.4623972477795,1.42143378790867,50.6859957287557,140.440977763163
"33",-66.7852740342517,25.335410247811,-83.8309585108485,129.139555665871,-27.4564114660105,-32.100920693527,10.4387831452498,-67.1554506877466,189.939684847905,8.76701341806015,5187.44061185795,1383.0797536065,21354.689607311,5579.79551328882,4687.85909664312,266.654283998374,-3069.8643048302,-1107.52667100737,-575.136337648086,466.482988747219,-101.287649728768,344.660639287514,-25.6366142778662,13.0832070901365,-191.71888433886,359.20725676209,-363.662055503256,140.853383729691,153.683814430595,-18.1101185253022,1276.44230054067,2758.61113968735,-169.480771976538,1229.00982643071,46.2819326269506,329.01865408883,-53.5306764555344,-437.630493082086,-1485.83085754563,-897.897105328482,38.2191582651888,26.3498432270616,110.945987346631,-376.142699734826,-597.283031787249,830.802614727868,55.9200893377596,47.306912505916,287.30186241851,131.673060303174,-192.249124248756,559.460324469102,73.5552787242115,-159.887163165596,15.0064494353138,693.743956999522,267.385779985958,53.8915167742504,1028.85620054352,47.2884743562339,-106.5204412026,-404.026358334349,-1.71249343999029,-137.96156081962,-687.167373388531,1.56747861317431,35.2294876060852,2.82041701801175,60.9007294830196,77.4635211038498,-66.7852740342517,25.335410247811,-83.8309585108485,129.139555665871,-27.4564114660105,-32.100920693527,10.4387831452498,-67.1554506877466,189.939684847905,8.76701341806015,28.8295870763649,-13.6111087484283,20.2588578502487,-3.57380440906899,17.9519696568483,-24.7027420257271,-3.24001328752852,-1.6205998825386,18.3064824057078,-12.5779687564928,-104.045298540196,790.923315352265,-163.374094172382,-26.5115800212848,82.1320808074155,-81.0738083998204,5.91745545901705,-2.10959976133564,84.789248715928,-1.15403863099384
"34",-40.1374584400067,-23.6378764067667,-282.398536696235,90.3589692602788,4.94562469920359,13.5430865865735,-27.2263508418547,-34.4456818794634,-198.42949401659,-50.8104243703489,5328.06799393003,1498.48343854713,19994.876839122,5466.74818740713,5352.39233258834,-78.3895361201108,-3209.46790136792,-1333.15536613715,-544.679641018306,443.241233740242,-299.019714208039,262.537442753014,-38.766211031361,36.0618648110552,-178.791135213678,248.038539603668,-391.665478732447,92.4709252069606,112.551530252291,-437.517179187309,573.694040190855,2639.11881996506,-461.060629541212,1103.34139625642,224.78249355024,53.3269344131355,-74.6851079442173,-501.461435904071,-38.9513160400191,-2259.56317140515,11.0890423094707,2.84266945393654,77.1124666704852,-402.044424111192,-183.126929167733,-107.630111712795,56.1039152531254,175.50880812692,567.284813323625,-115.782596898167,71.2952986851203,724.507890360706,52.906133882884,-278.630596047344,-97.0646847479425,793.417867216617,721.629537455523,-75.301060069993,723.988137573071,99.1904493542932,-9.40650093457278,-130.482593447636,-5.24014264273007,-131.8691248723,-65.8434974943878,1.80685647975497,86.8260910798901,16.940917727638,121.060473199187,38.5535090525773,-40.1374584400067,-23.6378764067667,-282.398536696235,90.3589692602788,4.94562469920359,13.5430865865735,-27.2263508418547,-34.4456818794634,-198.42949401659,-50.8104243703489,16.6030671740277,-24.3557164356285,32.3204484280782,16.5999623150471,-18.0933386154978,4.48233862337226,26.1271379115071,-1.89827210248231,-135.028363368899,-27.6169972119284,-95.3054791136057,458.083602768185,-17.4642560018803,6.60721402719651,-113.268485871344,-52.6448082902459,-15.6615555182647,0.14680020559983,82.9400121491167,35.8036940210146
"35",-31.4185707433351,-14.3744996826699,-88.4262528218048,161.05447518171,-37.1192885096061,-30.658752870731,-6.08483320395639,-49.4539686354874,204.275067412226,-26.8632903590533,4699.16320556027,1235.22390026152,16536.3698857165,4834.75903202138,4687.43311175745,309.542658032373,-2455.34487360573,-1435.46041542753,-863.719215962935,525.496453816565,-187.920815424871,456.423505887528,-7.97827845754779,25.6720167592326,-88.7949965624374,295.780228721203,-84.5780119690983,291.957893833447,221.464499044423,-188.273354649754,853.720465234211,2744.10224997679,6.6711067205226,774.679208868337,680.705890010679,-140.985280302601,-32.738808188187,-262.193264433133,-2602.15109841393,-1599.67598552925,39.1740537310416,26.85181392811,113.945750574393,-69.7276271817673,-468.22779710157,430.55274368158,35.9548498932259,24.6650940025021,17.2269575408704,-63.0710620055444,-104.045019286244,619.93193122739,86.6977885634248,-331.721271962106,2.12988823880442,1194.16257707608,212.247641540996,-79.9133137404197,-776.488137630399,186.867093533757,-339.64410167719,-272.133590557988,2.20235987524345,-52.825567607711,-632.844433922956,1.3099678952819,105.822989646554,5.99786593050547,177.998867242771,70.991584389531,-31.4185707433351,-14.3744996826699,-88.4262528218048,161.05447518171,-37.1192885096061,-30.658752870731,-6.08483320395639,-49.4539686354874,204.275067412226,-26.8632903590533,19.9846350141626,-13.3138046662393,23.264308822447,-15.6217286726548,-3.86379106879732,7.56825487244881,-42.622337569554,1.4887500508305,-0.774794678581324,-6.94879115126196,-88.6897093649393,70.2118799540624,2.49249867894073,-26.1907884722661,54.8195532749563,-68.9862872051757,10.5984336450252,11.0519993009075,99.204221783456,354.029235671089
"36",-46.6394469605399,26.591163961508,-60.1358028695375,122.596318428888,54.8110156897986,5.87835746552412,36.0754836402989,-14.9862508475316,-198.793316251133,-28.8256582205681,3897.94112407043,1455.74621658538,17662.0139614145,6227.57549838718,5145.25940464439,248.38212320474,-1629.10934630598,-1026.82118853413,-678.14805807774,855.808913800548,-204.322102587191,807.969043759699,-7.65376535404769,8.45174258151904,50.7622452583478,254.034171663729,-681.661858674237,347.251549197144,266.491006143307,-369.163369923591,1033.83514752679,2904.21617785924,-218.673907217791,1941.95010485098,211.766238279267,128.013483262077,-286.750452387272,-240.348233772929,-1045.54789367142,-3024.18559070453,-35.7199349202574,45.9832324851808,137.341960531771,283.718108223091,-14.363966985187,136.970497531734,-155.47114569031,116.710775111736,851.140175654454,-253.933985182158,127.565154665487,327.508271913528,114.59518620422,-191.21539868046,-212.145147864543,510.557901231202,452.785160845535,-62.1649647560355,440.002485095605,259.370176698485,-288.976743957894,-211.076687197868,-2.79762787160698,-63.4049675807991,-490.944744087384,0.6658875264079,88.0525496433071,7.38049515123379,154.326332610972,52.2716366639523,-46.6394469605399,26.591163961508,-60.1358028695375,122.596318428888,54.8110156897986,5.87835746552412,36.0754836402989,-14.9862508475316,-198.793316251133,-28.8256582205681,10.7566004430736,-23.8818701817245,-8.12853968024384,24.605541352186,-24.2773862636509,-1.08314731578993,37.0914744534313,9.65095759053594,124.62802290147,20.8888719308579,-60.1501191728542,743.555806100259,-137.850838560481,-63.8736897904102,-102.593278575548,-70.1699550317761,-1.79238656718007,33.5546344811677,82.1216943075369,246.298113884671
"37",-23.1865193607103,-0.583735783367496,-158.645362063053,63.3371840503038,-75.7523707883136,56.7415410119132,-26.3484581362954,-46.9726952722239,179.92105864495,15.4242841637817,4805.02495983993,1557.00948794506,18760.1715956177,6147.65825549444,4385.12659358914,576.108197453015,-3121.6256607666,-1243.19992014497,-731.76675953872,901.718826113671,-180.693136085168,136.319555694995,-23.6090394363366,12.4483633643461,73.2176527163502,236.885445875457,-343.761897111736,454.002891491211,190.887274837006,-456.190595826144,1220.1368816738,2740.25210669306,-197.059814302185,1072.13119965796,514.982229223222,261.289831787096,-260.897338040602,-500.216312537979,-2455.49824009624,-1192.03507470588,51.3775473927556,15.3118842429458,180.93948761649,-332.683084546481,-231.701249073864,415.680962004275,103.599472785597,162.649736891748,589.067564669989,-12.9101679479886,-159.278451694785,883.333879341559,98.3361847310581,-508.926920636431,-142.453556354594,702.182474878681,163.495088736754,7.77791023700795,-713.559678896537,372.979583661156,-1.40452107339609,-61.7588263566105,0.751691225148123,-36.2868591492437,-648.161124590332,-1.15794926463833,61.0456318594812,9.57297697562268,144.961731026782,74.8709787313099,-23.1865193607103,-0.583735783367496,-158.645362063053,63.3371840503038,-75.7523707883136,56.7415410119132,-26.3484581362954,-46.9726952722239,179.92105864495,15.4242841637817,29.250575520932,-18.9487647845281,-7.62453368811024,5.1149659888904,31.7858576686574,-5.50464233538967,10.6785286933613,16.3606189452229,-8.16116053949406,27.9820747482851,-16.4994033375527,783.488613988057,-44.6977154352117,-45.6914079435319,54.5662622409452,-36.2683601827165,-19.2962386212173,28.0405598735022,67.6611364544877,260.87533540861
"38",-40.8402492261207,2.07119770460703,-5.79018882480972,143.420592478982,37.9667316650384,4.15338953082235,-4.28381419429401,39.4454918020676,-153.687223630857,-51.1166306130853,3995.13118807869,1675.63927014799,20391.4757242071,5384.22179971068,4968.05670063075,64.9149859287446,-3220.22378014045,-1084.98706480569,-1129.52790367502,638.334168598417,-303.129571571796,645.514986172336,-33.1218008731093,2.14138849764459,129.1274360761,287.305797347452,-361.729286031047,20.8322446762859,90.8460696717163,-189.661701768406,1214.95732332665,3435.05228842756,-655.506242127961,1196.1849231868,589.310264921423,462.607262420275,-85.8714170034518,-713.637510232789,924.974653777778,-1953.09668691404,35.0447944618929,25.0827921364859,233.033781641213,110.359567948858,1.69968632118402,-36.9696798133137,79.067401944929,138.144292024224,218.813845353223,-67.045164763068,165.613632889608,465.193510587315,84.5976127650657,193.617970120093,-100.899177311612,861.921291522409,398.60591176737,-53.2669925479361,172.258469505833,98.6872490295399,-175.286768943515,-380.065130692948,-5.93748388943455,-17.3854487625424,-402.049455256801,-0.153765590712332,11.9691268896078,2.97924263306366,135.96878313761,56.9548398039849,-40.8402492261207,2.07119770460703,-5.79018882480972,143.420592478982,37.9667316650384,4.15338953082235,-4.28381419429401,39.4454918020676,-153.687223630857,-51.1166306130853,18.0450735582993,9.89918726001866,13.9208770107863,-4.73895166190433,-16.4753342123363,20.87855805356,-19.9155028275262,-8.15990124172746,-136.04948560191,10.0582619871565,-103.431936773245,214.405820985419,-138.006002984596,-65.1275313416449,-94.5591927607981,-89.1131064069646,18.5496650291859,34.054498151564,74.0904379990746,288.805629368965
"39",-60.2639439558606,10.8559691232428,-452.92809663579,19.283386545799,-77.9524379181754,-15.790596966414,-2.21707294677918,23.6062429088814,120.178826837714,-45.8826396481881,4007.68167319097,2140.33292518369,18989.0532221166,4822.89217789705,4948.97692494752,511.054966633936,-3900.45430341828,-1686.26503237436,-750.57053910627,796.467562203391,-214.806634528787,94.3902659654245,-7.68681700986685,20.5071163753576,29.5919640354837,304.19359700961,-941.430330516436,341.749883450904,22.3976376564001,-459.247747831261,1047.54656241396,2749.50022745785,-648.533271868757,555.32152558027,536.494013160673,194.223112051595,148.329548574779,-381.388268990576,-1047.78073702457,-2252.2968579221,-31.01484024614,31.8670935446628,73.8773348083194,-170.52697526844,-706.996308233214,376.944588482756,122.635957488784,38.5332771125868,347.446790735677,226.196815609173,-79.427076865772,388.017645201868,249.049804605774,-217.773434930687,-196.614704241248,740.42733761058,251.570022501445,-70.2534788147016,452.470622021673,-43.7195271024244,-159.338061874148,-67.8218371526501,-2.90333601330828,-148.100891450378,-663.945152798485,2.33815635498899,72.928528832069,10.3715375159404,20.6897698090788,52.9309201698458,-60.2639439558606,10.8559691232428,-452.92809663579,19.283386545799,-77.9524379181754,-15.790596966414,-2.21707294677918,23.6062429088814,120.178826837714,-45.8826396481881,14.7476993446276,-2.84210665175911,-7.80460937169738,17.927756469036,19.621634065287,-13.2051657196126,-40.7964825857216,-3.31285525431855,-5.79441694670911,26.004597814652,-34.6747894268904,29.9282504035057,-120.420789406487,-40.4695377975376,23.1587740193842,-58.6664965319687,-24.4223849982685,60.4338231725052,105.066286604702,370.468380383317
"40",-60.3489144352849,16.661352575071,-304.343980590597,135.086946345596,42.7233253817575,25.4694855621312,1.67924566751241,-31.6075575269535,-107.974915344994,22.9158202888329,4595.82327071884,2084.20573229843,19232.7693343388,5393.84574759846,4745.74900478818,229.584962272137,-3598.89999644196,-1281.34707304418,-741.6303490132,561.25271665579,2.20000055445193,775.921335628849,-16.2845271009956,60.1846976083724,-93.0823553116506,288.090994517182,-669.711063834708,177.593173936424,27.891512924064,-328.17805918303,602.216311527121,3116.81210065117,-484.969453245493,1672.54322648167,625.088316334501,7.59159799056781,290.800125193935,-300.837071447547,901.506597840236,-2713.08728180257,70.8741273835124,29.3635669773325,57.1387937038869,188.427082124626,-174.178457710914,264.369498647809,209.336837504059,82.5928077027061,106.24995209555,78.6317787783591,-304.952549543364,706.681190039556,8.63993386345809,227.328772474938,-86.8142593470403,472.527823055305,68.7562222552078,-88.9783972065883,-1253.00094521292,278.909712697645,-266.059712198155,-311.546780683705,-4.25951281999184,-111.480678078714,-100.163531241636,-1.07018655838482,48.6722997059745,-2.55274668750152,102.467813641027,59.4613170837738,-60.3489144352849,16.661352575071,-304.343980590597,135.086946345596,42.7233253817575,25.4694855621312,1.67924566751241,-31.6075575269535,-107.974915344994,22.9158202888329,29.5955923726614,32.4140616938087,-18.9090260791332,-10.6721576704132,-31.3423547966724,3.41961638483026,9.54248112392592,22.8598208433469,102.926308905345,-9.9287346422499,-62.535632409778,473.850922485895,-28.484978541001,-25.1230891381548,-62.0212489550915,-1.50049725706638,7.61322331034101,35.7318445136643,61.018565251213,266.616407998034
"41",-71.7371542025228,1.49036277124797,-425.257393997529,100.485062757266,-17.2507294230015,36.5970875063225,28.1249299031316,-62.7844017795642,119.821747965116,6.99662179761305,3871.01828701285,1792.66329356696,20929.6994759925,5998.3117985248,3866.45678468667,749.789791813307,-2172.9228300733,-1588.57492797842,-822.733666072275,753.089253695372,-293.467082979363,84.6460991278543,-0.401182666593283,84.6904257580275,2.15970682220328,229.172908563855,-614.233614054823,154.251515264192,196.996776737082,-295.406534510606,969.097241685882,2538.49321278083,-325.292252833814,538.739674233981,473.816713218386,418.426299244915,-102.234384913128,-537.806049758103,787.969914333184,-2714.05730942855,-5.07023289260827,24.7681508450879,-45.1238932864812,447.676855146077,104.470448686844,288.846677625293,-52.3692476365479,99.0633668313631,526.30503848977,106.770389133336,232.074834528639,322.81152814254,98.6210702941203,-11.2982792747139,-196.313962749308,619.331418545123,280.271117815148,80.2149005652188,363.222963749516,-7.88213755667664,-123.46478840539,-373.887488229641,-1.90699983802153,-37.985777968176,-307.384821502429,-1.08323865158822,60.7339576368501,10.5850567743479,63.1011094913957,8.48418453061468,-71.7371542025228,1.49036277124797,-425.257393997529,100.485062757266,-17.2507294230015,36.5970875063225,28.1249299031316,-62.7844017795642,119.821747965116,6.99662179761305,15.5329999845236,25.2226945165101,-25.866834086573,-0.994906936265735,28.3980111983044,-8.77406508757611,34.0893905497229,17.3695468470316,5.54312547801998,-26.511096643839,-84.8819926830745,91.0569517172219,16.0545133364345,53.4570359140472,24.5638308815619,-62.7344354553477,-33.3842306573134,-0.455439845174382,82.157849720229,119.767526656516
"42",-85.0620395492871,6.93444182161732,-395.026834568177,-3.3270750949789,-21.5779855562885,66.1409339236275,-3.97549112298739,-68.8964398232487,-147.58934265172,-12.4299876153495,4015.65648709774,1802.54327760355,20431.6993442914,5058.01330623883,3948.39765010386,530.063421231161,-3134.54343551782,-1104.63703882696,-712.072575659084,498.059782125186,-94.6848196447196,684.155234693439,2.88476874279738,65.3099640357491,-164.793640498635,276.946472824773,-528.038939998165,438.582569254624,-39.1722680275586,-321.83953316177,1161.92502606499,2879.19343289958,-742.864022756182,1314.47766349199,243.389611267635,234.519453708572,-171.84927001366,-579.814109372092,-15.3360689457684,-2716.45553943219,27.297248026764,70.9296218052265,-40.228674395593,-211.686827157063,-369.830430079237,163.663712328216,167.231063049662,181.534253367396,489.935687130108,164.483056956178,151.781631051706,224.915321580984,190.569600720251,-161.15189471996,-133.292754747833,789.369188168882,140.731327497785,66.5410902342053,-733.553927510876,242.425020654276,-95.1889960554645,-79.2317937395604,-1.96440791387638,-33.5326647048104,-237.784537141846,-0.27043875519188,17.7425655189708,6.15078717481591,168.739348316311,71.0128212145595,-85.0620395492871,6.93444182161732,-395.026834568177,-3.3270750949789,-21.5779855562885,66.1409339236275,-3.97549112298739,-68.8964398232487,-147.58934265172,-12.4299876153495,-17.4671167640049,45.5905119668697,1.42506015758807,20.4556427030687,-32.564653788171,21.5259553424341,-5.59500559189249,-8.3284856450259,-102.202491110192,-20.2958011658015,-52.0181950777061,686.035825083136,-33.1266502037896,-73.2622687385742,-61.6330574507525,-37.2139288702103,31.9243712679583,13.2293958465168,43.8403528858644,430.561357228542
"43",-78.2584304191404,-0.936094058323152,-226.767786794442,111.308790062137,-24.6396174657428,42.8338740649336,-2.64446602784589,-10.479358210114,133.683107111298,-43.5338733363314,4344.38358989984,1727.09747141941,17591.1567494703,5753.42454553844,4167.73900140303,418.84719895041,-4612.70007426128,-1448.02274156399,-741.415126818399,982.433536658149,-260.365140265808,35.220079755361,-22.7749649261292,42.686807537941,-75.7654513484525,213.975971264748,-440.577806481507,187.338760535453,184.271215769824,-394.371519169544,932.294369579968,2962.06353582087,-465.112369158916,568.515730532361,112.782849594204,-102.171026978462,-131.206517271654,-322.465874547989,-401.352298285632,-2457.88375699216,10.7530586057515,50.3391827208342,-33.7933227735065,-573.56979057407,-761.295872750862,345.140753894283,40.9519261815939,81.0594099071203,597.129661571598,331.747391975045,-168.433587438508,565.767995476909,107.043225540901,-480.683875530859,-165.830174957017,194.113929292938,20.2831756373233,74.1999061307217,-274.284360388483,43.6941790007196,-308.983232828518,-329.564253593619,-1.16665429992367,-120.838159630343,-262.129228696415,-0.430945060667097,18.0872712516085,19.3417883329557,136.833123665612,32.6323382805449,-78.2584304191404,-0.936094058323152,-226.767786794442,111.308790062137,-24.6396174657428,42.8338740649336,-2.64446602784589,-10.479358210114,133.683107111298,-43.5338733363314,-30.9082083183146,23.1693731207701,6.6961581797172,-19.9661192110043,49.4468507604111,-19.3731560525293,-14.401144130436,-24.7818737717938,-35.2951699500039,-29.781225957134,-2.43309824055862,418.310771679336,-73.4137622811315,-78.0028060149977,20.2950200367137,-63.560027108211,-22.6532971809439,32.9169560061987,58.2090610413007,374.285202401388
"44",-60.086548478116,6.00957053827496,-80.6433474538126,-26.8192683137141,-21.0224894071728,-8.62401304950149,9.40758733814196,-33.0169026301528,-108.58347015263,9.17277477540777,4097.89882216196,1418.61400477805,19872.5477920227,5593.82909090442,3939.27325682944,116.509291775892,-5467.70771410029,-1598.1876396733,-828.423341318163,702.904786634578,-316.891502802819,150.434759806444,-42.5205076095448,16.1282383527262,-133.351181552228,292.490015879161,-850.561012798201,526.390377227168,163.059220630699,-165.698416927516,1035.88483543027,2907.09103486667,-748.362511065261,1115.89945661043,29.1144801938376,-59.1247287418338,46.0887920340815,-789.867997957647,35.4092497594742,-1193.77874392972,21.3127195455262,-28.2720321011958,41.709087937213,120.341635972195,-432.885895719134,382.880740133713,47.5394487169021,153.736288643014,503.204038533951,-38.8469985686567,335.898363889016,295.781021796229,37.7469378527603,12.9789565967979,1.69245502654675,818.665680926171,588.366283516564,-190.828316120412,-492.025794202884,360.667436768564,-290.318315870435,-250.405149167914,-4.36733017642065,-6.27640550035407,-594.227128630249,-0.996780818031806,78.4578970098299,1.90520157569719,2.09352258085392,47.4533090466936,-60.086548478116,6.00957053827496,-80.6433474538126,-26.8192683137141,-21.0224894071728,-8.62401304950149,9.40758733814196,-33.0169026301528,-108.58347015263,9.17277477540777,-15.7836047701068,12.6601458882602,6.17678883355533,-12.787423600343,-28.006503939695,15.8116325657784,27.3711910386118,-7.16450428339074,107.391314737743,-1.06378898600757,-124.733422631415,872.624674461331,-29.9495411030575,-31.1982410156651,-32.5704259003111,-67.4129329727878,-2.88441024325632,4.87390111463087,27.115708707184,260.847824225182
"45",-72.0497060159502,37.1790456575411,-22.2120605839939,4.66409136653278,-11.7872907408913,33.2226643244549,19.8256484883454,-20.6992499699855,83.6936755041738,3.7530668076839,5437.1758573599,1604.84667626563,19567.1380279731,4197.33436656758,3996.91101460634,454.022831627237,-1508.66364281723,-1177.3087304664,-316.782281744337,624.021399862996,-94.9811847533679,35.0016894076295,-27.397155098661,-16.8711662468848,90.2023749544518,190.349713395863,-632.376277543448,49.1732234722658,37.2378407227909,-460.003249771015,634.452936039081,3028.61222352308,-312.874525700378,1299.44218067729,594.713453183943,108.643533501366,59.5403548080976,-971.255128500076,890.077567128304,-1657.46538120801,20.8930763678689,39.7076784847515,106.637210290142,258.685738592366,-121.446302079326,370.55856733589,7.59205291778833,93.6069187223004,270.39597001705,90.4930338398884,33.0552282965179,468.392611208702,115.625218371842,-341.596174033388,-60.8850730994934,504.372954938299,638.978693402302,-3.32185060327583,21.8306915258036,70.7947625214744,-248.596887557415,-345.235721785688,-2.63672404266878,-104.498914078248,-3.78161319396289,1.52166771439239,51.2702265517232,2.31549892504808,149.808087995145,37.26532737335,-72.0497060159502,37.1790456575411,-22.2120605839939,4.66409136653278,-11.7872907408913,33.2226643244549,19.8256484883454,-20.6992499699855,83.6936755041738,3.7530668076839,-8.17737915291953,6.72063405677183,3.0353672335792,25.9622491893545,14.9455962596693,5.76807891950927,-22.927139841974,6.61160112401489,47.2906444775423,14.3577477829602,-58.0270173095681,102.429881524721,-51.1373931074818,-27.5228978383645,-15.1555961420833,-63.5992814453494,6.36664273014116,8.71803348808394,62.2604466824815,129.439348759396
"46",-67.5361664206987,6.00379341894133,-554.992981915072,92.2007622825187,18.2827591054609,17.8384250664007,-23.2582234559357,-79.205897015388,-103.789398604755,-13.4295170742072,4557.86774775964,1146.32920945867,17741.324918809,5956.14606181835,3828.59005047324,188.81246112349,-4002.97700883403,-1107.69827884615,-441.158456606876,515.84272082214,-242.97158746442,851.760977732213,-14.1007159422628,-18.4345830634463,-300.461433189708,236.3698507708,-831.380338893728,40.849806140694,23.5798640049577,-250.052416848407,1307.61256805135,2420.77261160757,-442.357882816456,1008.13014094481,694.13108399583,259.974722324778,-428.352157631744,-1031.89375832817,-1410.7295707023,-1637.59407469933,-4.51614080834656,40.2860731239366,109.182652021683,-165.441738625177,-77.5278364590231,87.4769992247679,60.5936578177854,161.544328673872,59.9603626976154,-16.426848324187,295.760739469308,190.672759219218,125.709208348197,-265.295976789149,66.3573396366393,433.558396777945,90.4111762992492,-4.80138087225152,731.601615672116,282.240276470684,-268.752378684389,-29.4763516407598,-2.94258942825001,-48.0415864304974,-309.5795254255,-0.7091131936292,91.6962731424787,6.95648748283152,173.381532052981,33.7556100756617,-67.5361664206987,6.00379341894133,-554.992981915072,92.2007622825187,18.2827591054609,17.8384250664007,-23.2582234559357,-79.205897015388,-103.789398604755,-13.4295170742072,-4.30315044657664,-1.79303346030035,7.01175667755506,-0.978641555975191,-39.9712246025678,6.64775379778309,22.2276543922375,-3.81944384825338,-111.489772597205,7.64705710334823,-142.793490979861,435.968704806823,-113.601868780427,-53.9604961873434,-103.061261172018,-14.331114031428,-10.7795756757168,-3.24510522268599,48.3243643563542,7.35040808028958
"47",-57.8510126626357,10.9863917950975,-579.93299989988,-0.491410533881179,-41.9306735285568,13.9534428144421,-3.6228927166285,-38.6452013686339,69.1776164340024,-40.7673389412834,4341.17485609654,1851.78910460989,20376.3085004965,6672.55368384057,4131.75549658816,467.109556094317,-5141.43789961025,-1885.8680323086,-102.931836753567,747.633989148631,13.5262797390911,382.487934703448,7.72125552196688,-50.6692024144334,55.3753677185286,235.252559730143,-575.09910855963,80.8991520560783,70.8843995068171,-35.7412973813442,925.77044878353,2388.55256376096,-423.168215655158,1160.94288734223,-91.5066864472975,-79.26790585475,-253.60324054692,-1009.74977873604,-1174.67404328209,-2378.34565911817,29.6059065772645,57.3040612148936,66.7393927531953,387.165323887212,-486.1755839229,470.45760154082,21.8742833199292,139.24437912763,216.208115602463,84.347497319847,155.380663781893,115.107789251836,72.3663554104661,-298.391339565917,-182.22104144362,296.430570152591,178.254050019218,-27.7292797434349,21.0317421171011,234.916519737761,-168.879440378577,-306.215963265732,0.760191071320634,-102.835551550285,-113.351851893324,0.215828409655415,72.1179058211648,10.560010032099,35.6183338227996,48.4990739007107,-57.8510126626357,10.9863917950975,-579.93299989988,-0.491410533881179,-41.9306735285568,13.9534428144421,-3.6228927166285,-38.6452013686339,69.1776164340024,-40.7673389412834,-11.523893488447,-3.64385676133551,22.0373236188191,18.4477025340149,49.0870903153152,-19.2244224481084,-14.1984761940902,-5.1820985935186,-68.0332356145931,7.09444086041955,-93.4389950689023,829.210848964615,-33.6963797262032,-72.385561585959,39.9699401940313,-46.2566266923446,21.3358003266051,-25.3218790022559,43.4107217359744,283.950588734472
"48",-82.5268585635157,24.9785857485556,-542.156548029711,12.389781570857,4.50532366846759,1.25368288113167,-1.40734461188392,-35.6063280828916,-46.8275897218411,0.386945897703777,5351.97888700153,2193.20245327142,21835.5197552238,6973.93932876887,3797.9659630075,501.399515991239,-4516.18203976377,-1369.74411036141,-332.591183023865,474.487508804437,-52.582835146481,1014.31862287429,16.1485333366464,-62.8834065781861,136.835667241392,271.962399252856,2090.63165106506,233.244773656653,136.858437912794,323.397420381422,795.613704637625,3334.34710985134,-775.731220329262,987.995608995113,67.2259560512318,-120.643279097418,39.3996140479887,-709.524914640587,-614.601496486553,-4926.02679518135,5.57538053205021,17.3794876399877,68.5872658614105,299.77106115343,588.216286373389,-293.25646252707,438.118991776132,-15.7657342040067,463.682433595063,354.515969660052,-665.453906237668,1212.26518975529,111.621041193676,339.761433742086,667.8906764066,537.284317583033,-507.529226272267,39.2395863221066,762.714958263573,359.840238430969,-102.06026599447,-193.852697153238,2.17820538352079,-5.04593996897834,-12.0317797691877,6.75052305173861,22.2859071198224,3.55941326294445,72.5998862132535,47.8347241260594,-82.5268585635157,24.9785857485556,-542.156548029711,12.389781570857,4.50532366846759,1.25368288113167,-1.40734461188392,-35.6063280828916,-46.8275897218411,0.386945897703777,0.052626405882547,7.39649255233711,26.7092792441286,17.4661666259881,-48.6317858152895,2.61522706076861,3.00310400466021,-11.0496918085192,109.879081884963,-1.52330385855189,-3.12590272476944,364.286859558057,-30.4899990895618,-3.89074103619814,-19.9216736984676,23.8499149145514,2.89139263186424,-32.3442475841336,44.4802411154362,319.677472053034
"49",-78.2026171149469,-36.7682155520685,-669.319258752571,46.6863734827099,16.7769422499826,-3.20206881450539,-6.83919247275313,2.67417059455734,37.2139743076609,-0.835871759823442,5674.68456043254,2048.03687264694,23550.1800886422,8894.62160608147,4223.72589538861,1062.56370717166,-4725.65259696561,-1719.0582574656,-620.698025501171,735.553094847429,65.596979030715,988.195701863208,2.29174433794014,-23.8575622684754,154.715061355358,252.284285842864,-504.160908294945,-28.1987859208139,2.61374310479279,222.170644177145,1407.44762090157,3418.46189410363,-231.451491799742,1321.3127563397,271.828453647775,87.0980870888081,-505.468703104906,-1017.51500107896,-1467.4119936786,-4628.52800933117,-5.40548397345126,62.2676402095984,100.27279352636,539.572258449971,290.333866686835,458.658772062621,320.645568191286,52.9373188918608,174.06853427143,363.133837646212,350.811793405969,1083.50731527707,103.752036395357,273.473437605756,49.0706922037006,644.504749679507,239.316662185335,-60.0524122619121,134.081322792532,-56.1770558943873,68.1513288654687,135.187128129237,-0.698273493391728,46.8851101066767,296.781765558256,-0.724871776591993,71.889508791107,-2.11970938325599,24.1195046300122,37.0498489178174,-78.2026171149469,-36.7682155520685,-669.319258752571,46.6863734827099,16.7769422499826,-3.20206881450539,-6.83919247275313,2.67417059455734,37.2139743076609,-0.835871759823442,5.53255956207425,-2.24652855959786,16.5365456864447,18.3327628092725,57.0416269083985,18.0632146552554,20.3738671506617,-4.77564964200652,69.8087075781176,0.569523666050482,-5.5917389178936,176.905609347402,41.957678757859,6.9298075761731,26.576632081805,14.4511871495232,2.93541850262248,-28.199140471033,36.0001794933577,342.623654669697
"50",-59.8887730722523,30.1648026492651,-672.289489395837,61.3377364413833,36.2101048353069,13.0946832977359,-33.0635186665011,-3.15706141891217,-36.9084736159364,-2.44644383077699,7000.66735300631,2294.80580000176,27283.3950685123,6238.86041024543,4432.50594608641,38.891383972753,-4434.18813798717,-1382.76210117203,-516.776577977343,555.562450926408,168.265253611987,778.392827873704,-2.09577919044314,-4.66071195891547,101.813692554184,256.877731970484,15.4503120345734,302.911141562109,193.894332890633,302.278690408602,1373.56464865097,3688.97897285628,-944.065234940569,1204.6041239622,615.510334256922,9.45027711011268,-308.662773497742,-832.490043505071,-2196.6892207576,-3193.24841192195,-4.88608992549537,59.5198928325305,51.1404459199702,356.621812208832,111.068494010599,-282.159647458823,386.21218068685,54.8918005429387,534.35144716904,345.005978620035,-23.5970067602036,991.021300280007,54.180440578261,277.334565353174,124.223456476405,263.60037936136,-575.505445906478,121.373822835641,1245.0396312027,161.585620040067,144.908936405816,-98.9411603033336,0.843157046626881,34.4952343258986,258.695460677671,-3.81982545374897,28.2705292140263,2.9443767134879,71.4539794261413,15.3699470024193,-59.8887730722523,30.1648026492651,-672.289489395837,61.3377364413833,36.2101048353069,13.0946832977359,-33.0635186665011,-3.15706141891217,-36.9084736159364,-2.44644383077699,-7.73818243636067,3.41190078694852,-13.6023407324185,21.0385175855205,-57.4450170013736,-9.26221304435057,-28.2030647854094,0.602103373122731,-128.382131759368,-1.94122136705608,38.9285483483894,308.649001911724,23.1068779759919,7.23211024224807,3.81132946451122,35.9546851423376,-5.89663260592743,-34.2184282867994,25.7347540958619,279.325205559899
