"","Series 1","Series 2","Series 3","Series 4","Series 5","Series 6","Series 7","Series 8","Series 9","Series 10","Series 11","Series 12","Series 13","Series 14","Series 15","Series 16","Series 17","Series 18","Series 19","Series 20","Series 21","Series 22","Series 23","Series 24","Series 25","Series 26","Series 27","Series 28","Series 29","Series 30","Series 31","Series 32","Series 33","Series 34","Series 35","Series 36","Series 37","Series 38","Series 39","Series 40","Series 41","Series 42","Series 43","Series 44","Series 45","Series 46","Series 47","Series 48","Series 49","Series 50","Series 51","Series 52","Series 53","Series 54","Series 55","Series 56","Series 57","Series 58","Series 59","Series 60","Series 61","Series 62","Series 63","Series 64","Series 65","Series 66","Series 67","Series 68","Series 69","Series 70","Series 71","Series 72","Series 73","Series 74","Series 75","Series 76","Series 77","Series 78","Series 79","Series 80","Series 81","Series 82","Series 83","Series 84","Series 85","Series 86","Series 87","Series 88","Series 89","Series 90","Series 91","Series 92","Series 93","Series 94","Series 95","Series 96","Series 97","Series 98","Series 99","Series 100"
"1",-25149.8589820572,-1488.40746637593,19678.6336478681,229.83323273798,-725.49637876601,-410.56574100875,-4002.90992285886,7823.68363066387,1072.74757631812,920.051749567954,155.828826528277,369.931904888561,326.646964490972,68.6847413891283,359.668953267282,-885.305959096934,1155.65329787826,-310.978585473974,-69.8881954539517,1252.83052663297,13985.8301646891,567.614288328877,914.36245418121,-423.82206881439,-767.686647122057,980.086430964701,-2211.58375803143,176.03929396742,-1409.68904087007,820.395407295627,605.063291479245,345.170290907503,-569.614840679781,-1755.17351427326,2038.99415605641,-2132.60243769002,940.894251082346,-45.6350131367179,3543.37431892774,-1268.39866228492,1101.31854862596,-673.091743328313,-934.002867276351,-85.2039637821362,88.0663513841113,879.322290618687,-6171.59372141067,758.102727513297,1083.78056538598,200.823826408335,1801.48185424408,599.95911028711,534.196493170748,1566.56319884283,832.580300723773,1120.11677769282,160.441899242527,15.1836584606833,1000.60375818998,-511.694102406782,1093.68760009549,-312.462757618117,232.727394647632,-473.367780368936,-157.678217618096,901.931840656999,1518.09317408516,1949.11900242445,3562.66400507229,-502.533877415234,1347.99510181016,-184.073419782554,-1421.34982589271,1363.78667962127,85.0567529522391,-1654.37825352588,1181.36771080482,1898.96574526185,52.07730856068,-2577.14457095167,70.2473934385989,-103.448033202489,-2782.1498915474,-1404.21839963304,688.456701473204,404.553375087872,-3132.88036301995,-251.165874330475,18433.6926920663,2535.77892021778,3018.66487129452,313.212133140382,1249.4860812964,-1599.08457505978,1834.19647070742,3154.53254665073,-5047.86336530148,259.818288998764,1830.79189716786,629.939329400899
"2",-26035.7408687713,-2248.85993416896,20890.6308227431,428.684095911543,-74.8519862855276,-601.377405924029,-4033.01400687285,7754.63805755892,1094.04962489375,600.902264805099,-215.890344329962,367.118890394184,-121.267136776803,-390.505878526757,3652.87221563806,-1633.74925138577,859.917075453886,-109.592227082005,-591.363690683305,455.060015862971,13680.7698826098,875.364503565827,1049.46021534911,-1117.40395819112,-1205.21309995765,713.781748191332,-2369.91252661386,1744.77745920344,-1304.67876807195,307.908230172362,945.130685384775,-258.855855512558,1052.81024208075,-2204.41683171748,2289.33155325046,-2184.74492430172,1990.42547107266,536.954649442709,4095.49328602473,-1294.23711335993,286.11319270032,472.936976103241,-848.06195415656,-237.294937438368,619.575081424374,1459.93100885719,-8046.32919124965,395.455581503813,-151.473893360931,-66.4406099826964,1944.46680651851,605.55231342408,1044.70620247882,-1036.25705236869,696.859149796363,862.682035451383,16.3066824455692,516.026849729496,741.723812234439,98.6438413034423,-2659.69698445156,245.444038413085,179.303157537387,-1153.26413139793,1466.28398546554,724.096969504962,1932.82540437192,1890.96200530627,4271.26794149009,-99.7093077775832,1928.17825989114,959.248512670814,-2111.97291582383,3308.48050883525,497.463920993948,-1947.80569459533,942.113176620743,1032.7955460927,245.105845681568,-1788.7713362774,21.248343228964,1623.02468707367,132.073224767142,-2904.28887755874,2332.23942057928,520.386511576111,-2484.06064664614,-502.427214684128,19138.1338998608,2529.74808682252,3272.17518680184,547.189901075484,1709.26431622556,-2198.44840805757,2385.87445986304,2174.33090841525,-3123.27065912352,287.406731942315,1164.82034419151,-478.610222349363
"3",-28933.7035322965,-321.983650536851,21123.3660569345,-93.2498365897275,173.326347491027,-1442.61770343241,-4732.70014666402,8149.30728082503,1061.83794062626,827.479441038111,-478.218429463969,-334.11725643403,-131.9306776425,110.023049548585,1110.14828780511,-1658.5415717863,684.837110206483,-237.506859135093,-549.797315210965,642.616367711888,15207.3717176695,984.016008541486,1125.69142430636,-775.19084813695,-851.648791583074,301.627152681009,-2069.64651312065,117.657857465845,-1766.90526565582,701.691834071726,295.898286691631,-102.77039133863,278.261094106899,-2316.77466235752,2169.58042354351,-1129.14294574538,900.298527590451,188.005310795135,3794.49044303438,-1370.52576119169,539.442093298464,-183.325994316822,-1387.58303891973,-584.835235324299,1185.30150404895,832.310428530536,-8296.15930757751,662.453292516958,-1227.25660522016,787.282423092088,1596.45857387909,605.740024853585,493.689822379196,995.196787623795,690.271867623056,747.315268757639,379.933541471998,1171.73158188073,342.24409731651,108.894371947672,1900.06863811548,232.250350979061,-66.0321026283819,-877.834496951106,2195.51416483272,639.572708104412,2156.26590028805,1719.42540143043,3132.6278869161,-290.115343452993,1140.247717969,1406.2904604769,-2110.72324519332,2142.06276054521,555.118318888073,-1921.24066554807,1274.68451211764,826.795822902408,6.2901117665079,-1394.31540305529,-9.5683445489854,-51.8443492836984,-2322.66877822115,-3581.86180735017,399.044078156584,944.157431531104,-3270.35325509596,-775.584338453542,19954.0183318417,3183.66846799639,2079.20410547493,323.74330421984,1396.25939844758,-3342.30162721667,2351.03566970526,1742.70773028874,-5097.90799975155,301.121783822332,2025.33587138236,233.242748570874
"4",-30070.4202603067,-1078.6027402692,22067.6814898129,192.425067897435,230.399118924372,-891.838204854793,-5192.61516410187,8763.28757954171,1259.58884657367,498.528848814741,-173.64697181947,357.852553013095,400.202579954402,-104.715871879432,1999.20106078955,-2104.43378701601,830.978890940813,-432.11082646414,-572.650419669912,510.636286018806,16115.7648078519,260.870110047237,1272.08417733464,-771.27698195763,-246.644864473894,831.754211525513,-2418.56167722452,511.879555884433,-643.91165106828,497.855502162347,468.7982770293,513.18320740714,-334.712416147639,-3260.01730142775,2378.68257952861,-1568.75540672978,1351.24008336549,-77.0415674591762,3583.33983717825,-1600.52522151576,219.998292354228,-688.577243845966,-1106.2622031497,-990.433507032463,416.597887718564,1317.90162814084,-8753.30700655765,611.26751618148,-1689.33228162029,693.752483488997,2130.56504366646,454.883510457143,670.067366477193,-548.846710127455,913.757897816305,486.729297806897,363.971458123182,989.679679731236,722.19942437544,-530.362655795853,-127.934888079018,328.935005956009,24.2908002889023,-714.863027440184,-144.541587716479,794.373272870739,2094.68410042629,1592.03501802152,3580.33384075595,-236.734859528922,1457.18220585197,-933.793522495398,-2593.34958670687,2669.9818136562,536.931270455182,-1133.25503144765,984.166159374989,3061.75010205355,158.212258993777,-461.861454713908,-325.34644939274,-985.650154038471,1850.52470953731,-2036.92457319739,1165.32968157946,470.151229565165,-2674.27563066375,-799.540473177809,21031.0601385611,3185.50844752301,3153.29798278249,254.561192240742,1414.18090804683,-1610.15577216818,2586.06889185975,2786.22244747958,-3428.5990100148,833.117594574082,1808.1266132604,-982.415395520047
"5",-32598.4081555984,-1677.8874265279,22692.3507986744,265.803075222309,-337.051772586943,-2010.06395085742,-4802.19144692459,8671.30537285315,1430.07413067581,771.385749775307,-276.656932857023,-98.1618861731633,133.347949763425,958.630928511603,779.263554645366,-870.501406787009,1291.4872022761,295.143244996239,-337.500528286824,828.163360458906,16545.0282815962,560.321289196113,864.985830247613,312.991052707235,-889.624336482954,818.985906603229,-2176.45973982072,1243.59414654706,-1128.80703502063,703.543071118959,671.331468672433,-38.4049460001099,-885.958112768883,-3364.18051744315,2727.17169980624,-973.772032742272,683.491217281082,-153.514296943744,3950.47953851934,-1291.37693123473,1026.2779564069,753.089014107219,-1352.68204061262,-695.127118161055,498.477613686735,1330.94410863256,-11298.3757541647,128.897915503488,-827.947332937829,-15.6289335039109,1526.32845158818,568.64220407579,832.843056924914,373.753605631993,694.557082657798,775.688331396,567.482028958429,1484.93314986558,790.34882634049,-126.825116455936,-647.148235409564,160.722131738473,-213.889924745635,-1012.55286009228,2920.28651563821,751.419843524125,1813.64853187936,1921.41618516411,4586.83562806754,-213.010711752921,773.781851474174,442.667493671276,-2136.37400500562,2961.61879157123,991.160982120967,-1611.99171860822,1226.58964918052,1752.63218111572,46.8514923359863,-1142.3335511042,-330.825760431488,-38.6513216157084,-757.4856816373,-3008.49682441967,1813.14688056533,774.841078470022,-2776.47641974002,-531.698585286218,21342.4207939826,2658.36903702129,3324.81130980232,555.751815958084,1335.4316927169,-2501.08819069299,1948.34364081131,2701.15657732297,-4716.96216466117,-25.2520154655776,1371.40830878759,1540.21615637163
"6",-34061.0144103508,-1485.22662733984,23161.1653303865,556.124092538445,232.333335470528,-1242.57358060662,-4735.0420482023,9366.07402202693,3137.6103316168,497.190446547198,-125.42048272221,461.460673098831,-110.153497313235,-109.598231576372,1618.44891041439,-1168.44796453561,1269.37214913076,-513.072017057824,-857.656169427061,326.884464753735,18586.1435724394,575.741201149293,1350.31965171931,-1471.6466562028,-1861.46693085536,552.717319729676,-2470.16063442718,1575.76799155339,-977.365153658255,824.648715650932,385.507448447527,617.114081172883,387.807641755123,-4021.73221385066,2485.4386733244,-2588.01380261473,956.759236885151,-113.903548055096,4263.30295465847,-1596.68989165773,485.538728568813,683.206695045963,-40.5527077489488,-742.709421291213,627.074263267966,1300.77579051316,-10040.4666611132,393.208150629682,223.141398499556,311.252963683551,2710.72981134902,448.513614992595,614.187833588475,-928.606884003578,684.24195172808,241.21138669785,441.932210655087,227.550622042065,393.087308838012,-276.652770702708,-46.1791509891498,-1083.24324597909,159.801528560699,-820.395878896546,857.31626861637,482.964743723193,2271.21772453787,1609.30783181609,4354.26629890885,-664.452548424323,1223.66395158641,-847.670708018061,-1762.03438850445,1232.53833386633,134.156230704854,-1478.94191851236,617.699944388386,1853.51686837622,375.764352820845,-2922.85197397781,-350.83005600571,996.077051581033,-803.533146027477,-510.680322882113,1413.6652431488,1174.92540900467,-2845.18057305925,-505.032879806409,22057.3631903618,3226.78569377771,2660.48240228744,315.664674979285,1107.75668321779,-2822.21393851452,2448.52234861207,2057.31695988313,-6869.65934472422,226.26565702083,938.521741731862,199.993615923647
"7",-35376.9122079953,-331.322000746549,24160.2680843464,-60.7842103726153,134.507751238698,304.779661844116,-5147.34441540518,9459.47071193933,1676.02812466886,947.817867647358,-40.3744082008697,36.6870326003132,195.229272141981,930.67919743729,1166.00730354586,-714.78044363242,772.594208491893,-419.050307230436,-676.86230306552,836.417891263062,19683.5804811614,423.219617586045,833.944121727253,-405.705943276975,-1362.15266155393,782.798676217993,-2183.22317429277,-72.0892294090283,-2059.61191041614,281.646224320844,873.473274745229,42.7237096264271,850.925596821464,-4126.86824879718,2381.76655958526,-1572.77999940764,754.742735476106,128.813714187173,3963.24575860287,-1170.53047721072,1163.02420217945,724.390791091643,-324.011561786544,-513.840908857433,672.312874022543,674.488622273282,-11520.6648671261,242.235983378321,-299.738895668033,109.898942919555,1517.3885414336,192.47470713725,913.765672051386,1119.60621966795,763.427278625805,705.095632051148,600.922192754272,1905.82591971989,838.61731165128,-448.847007935075,330.822333794207,-222.148837896564,-270.823871028827,-1011.71431961832,320.898277382239,1099.02275436714,1730.49810232853,2460.43507634481,3300.0978356299,-502.488973851936,522.077886953944,106.052020049261,-1500.02225525994,2479.09789733417,819.88280865976,-1930.68374643198,1207.93972983599,1912.40922582387,202.60792245431,-607.807615565255,175.441616448576,-1158.31087842836,-787.341016382345,-843.135016366195,1275.75087760677,629.50275479728,-3344.91023768493,-814.688541904772,22860.6013684571,3134.77130627509,2091.70065017751,145.357214188535,1219.16476522037,-3390.80392770185,2745.02617087904,2697.41887926317,-5583.92591315473,69.2602994071043,1217.28716042702,1191.2457848214
"8",-37389.1426839224,-2225.37471969424,24552.514300192,148.410252441307,-412.830578740369,-246.657097407288,-5775.29751645914,8539.7846218716,1888.19486977979,874.7985999629,-307.955194988444,-233.833302168977,92.0766470670822,1086.19133465046,3249.38502006465,-1197.13609092159,752.419797577262,-697.520364938406,-745.834812422876,407.222909110858,17980.4827867229,786.594788254545,1055.11329390875,-9.18925771296279,-485.93641362028,868.145459836138,-1702.66525822386,2832.33871590956,-977.376341562376,145.187553821788,512.331981810056,-166.500093951865,-715.024066470229,-4228.23301097472,2220.88287854138,-852.516166522141,979.966897026346,406.964196441141,4019.19004141327,-1678.37654737969,1457.63899938027,720.017382889658,-364.615350000524,-479.31042843634,1174.86054319967,1367.6522769855,-12848.2867862649,303.656256911365,960.216900582984,-30.0701087838253,2316.46536753503,904.800728938796,1166.8707332399,1027.37102176318,562.847006901009,437.578173229814,491.410233850195,750.472357873853,1112.73873313377,50.7845774579926,1168.2074083323,-1504.25486781898,-319.808845014087,-868.42177096123,1026.79633880584,1122.03284231546,2397.94976698168,1753.98178278734,4725.72429985665,-98.2856844493011,2047.15137065911,392.929028823586,-2099.26259686486,1849.4516296232,753.925277804359,-2018.50850974429,824.005083913122,1155.72744864256,322.822318664401,-2022.57509004412,-107.392645234273,1478.80594568387,450.17086227565,-1229.57812256588,1177.37524777991,568.432073175816,-3358.11947006023,-471.032030668999,23356.4972922806,3319.59404711989,3047.81788880852,790.012967546566,1823.94748255347,-3422.36647912505,2565.67204150243,1703.15124445572,-5924.27898318478,158.005084370734,1523.79515195978,-482.744625803969
"9",-39037.8552574817,280.928744321825,25639.78758035,90.9346776259243,344.319062946311,-228.281970606269,-5859.85571675246,8509.17760244469,1936.75224364677,81.8611631292897,308.391193650655,9.88489536408933,-163.745111066768,516.114657748522,1240.1372001845,-753.409271111519,1345.12008685644,-64.6897770111453,-643.888292170636,577.104141952815,19949.2213003138,837.421840129924,1203.57029292835,-1399.8773639206,-2074.18952249811,787.530038533776,-1856.72355938813,767.981022749897,-905.529393348975,595.852828571131,428.997725452228,344.666617448864,1958.0510286411,-4316.16922014825,2189.80397280087,-1841.69900556187,1082.61290678298,-3.91327601164515,4170.76319650504,-1193.34223735182,156.548886323023,278.384014365907,-1771.27166059372,-648.613327273976,1231.84894971642,869.848457790202,-11963.8557197785,702.003186545557,140.827902872365,543.079675905387,1717.807813398,763.121474193732,626.240817779664,2120.69054481265,888.181416935626,856.992643373353,70.0240540476902,1858.8476081344,302.9613528851,-661.864631750868,-889.777040739366,139.806412648908,99.0235911713364,-526.031670891557,414.991519635923,973.430258470134,1993.7064854968,2200.74999850351,3595.62733786979,-777.375853361565,1710.01629998167,-148.620680582636,-1236.3945813811,2858.97741724575,651.231968185375,-2037.15600544438,1078.85102852223,2561.60903799043,-237.009501528216,-1390.44877061575,-5.77390548665165,-576.591273792969,-17.5382754255834,-1756.35570342868,1928.35074332696,1008.02208651188,-2891.33764928134,-649.402437870534,23765.5725761501,2548.08328498794,3187.98112246235,534.281020244973,1610.97293448928,-3615.18852613376,2330.86038214389,2005.62581836747,-4838.33182709932,643.043371716638,1053.67757274049,-299.9335730584
"10",-41466.8581012704,-1185.06966552294,25856.9722332864,-24.1776974319378,-264.429554562512,-1385.43823213422,-6161.08058153532,9252.46713229925,1797.98357046437,845.647118404088,-106.47301761965,237.420377840973,-213.311729801873,466.49880004777,3086.97675169867,-1695.90916889328,818.279978523969,-328.170778707766,-779.318376863446,1005.14193888145,20042.1642971018,511.444859632581,870.706907776915,2048.95024391252,-1762.50230778448,825.888729570229,-1898.70402259224,-193.90463296381,-1106.54760286952,621.265343308876,608.034423139131,23.6754301188264,1045.75260025112,-5103.06545712937,2419.00379374025,-867.739621088126,1702.15044886088,21.5360414501446,4237.5068008374,-1161.22486396669,1057.87947529587,-36.2140807085039,-552.678806454581,-558.04343114042,1401.28767661593,980.022982441709,-13999.9123692327,767.757180035859,131.671403386394,829.953445683281,2925.16777394458,662.789683021238,602.026438881454,-90.4031275676414,395.290036683307,642.908069496168,783.783286445448,1559.6180371727,778.034900240454,-941.829618017762,-929.458389218777,587.919441191415,-11.161674319112,-325.004643302247,1478.29659026538,951.839322844042,1941.25124859947,1792.55467605212,3723.04352696942,-309.385282230289,1794.14387437867,1193.09290682406,-1697.91746040872,2159.75022708299,528.878743371627,-2567.53630638874,649.077998686183,2311.90013955533,240.340343037774,-3814.6681485659,-21.7052255855706,1030.50078711567,-839.797505001319,-1343.07853394847,1060.79732129134,1046.35540475359,-3185.38083017297,-571.755820562732,24645.1815135409,3029.81425264886,3077.13584762292,310.443520484275,1682.41653448365,-2526.50063729793,2232.22373118429,2041.32537397751,-6847.85326755255,-6.34079232085634,878.825207776569,171.167190297495
"11",-43554.146477089,-332.476359973758,26926.6466593275,121.164824754434,152.095383058931,-1798.73205600902,-6240.9044031203,9134.14843248098,2041.41473265361,625.858313457084,33.9977574162269,27.5665495891618,94.4297910437533,219.555123510382,1295.65748671429,-1190.71155338151,793.814465560085,247.98413469347,-454.367522892511,1068.27696035724,20980.7846446563,684.937770895743,693.45498988823,398.335466107648,-1380.30961569813,699.398481493225,-2413.62217041732,496.916985489649,-1087.85192188381,552.202211493795,671.052245430518,507.657139544579,1334.28131613101,-5062.69235904583,2434.76699390482,-913.158045919534,586.201041492448,339.999256331364,4369.98222849671,-1419.36328323428,302.644297412031,-829.151723664219,-807.142485958389,-1045.05139667664,1195.51291097804,1134.4253858408,-15176.0338658345,362.262647200059,-1123.45112581995,254.616063657845,2390.98377426644,937.222498408555,1149.91024116307,1268.15346271428,831.883591736827,1156.96597658331,447.361964788159,1536.88705306232,883.5908498529,94.1580317695388,-1726.95127317147,-523.834829156098,81.4191253712567,-1074.07752292749,2324.65083495944,463.510689448812,2283.59591345914,2539.41840027745,4195.26944883367,-204.588179751319,1303.10473743825,468.932151560015,-1633.25937085401,1607.4362471603,689.352384365282,-1239.2705545542,1204.2777524909,2757.50226707076,481.770651859947,-2944.90388922213,-56.3109538193763,1003.69669409795,263.103839239896,-1201.80498986992,1501.9230096823,833.618143190038,-3524.28652217635,-994.559055821179,25530.8800593206,2985.67317392152,3595.14874723412,383.282376976172,1061.13506038896,-3723.88879785183,2452.30516671563,2734.21908511386,-4224.93729554831,763.629918746259,695.094952586547,296.24717773146
"12",-45465.7459801814,367.516135638837,27242.4954379934,64.9747726667551,-397.672952229967,-615.958505982136,-6501.0405718611,8273.6243832081,1951.4621002721,200.037150313744,-50.8818193653465,-96.8472611395234,75.531664491579,830.336457990035,1668.06548886245,-1351.51718069174,466.529157868747,-280.597175210346,-563.795046237134,471.751953657282,20906.7126010883,619.750107874799,1336.86338778062,-536.523832972136,-1774.30271292404,700.462108295747,-1959.51340432379,2028.9350510552,-1948.12997255095,324.735870149771,608.250380335735,-100.020993533773,724.370924867941,-5434.61175779894,2328.72122003524,-941.090270962172,1080.39540251436,750.568571254965,4226.72044114795,-1341.18126977292,872.976303101497,-583.683911514,145.000576297084,-1356.81727576197,963.793824039104,751.443444971734,-13068.6839078323,215.781113211645,278.614446216914,956.227276969917,1583.86166320069,210.495899029376,850.018980044609,205.518706208348,563.178345846023,1009.61626775867,108.090606581228,555.020096061644,951.039379993414,-416.122638980014,69.3270584486017,377.825366161321,-375.588550336124,-1094.21004900154,555.400155689979,527.229848094359,1578.11335310099,2535.85733455541,4430.00310454252,-439.301614805886,2059.88909715309,138.299810603979,-1728.72294354423,2069.28949028383,364.926115046485,-1620.45906637106,1234.58247913066,1096.40584501039,40.5990291802976,-1261.75097856533,303.499065406376,742.392542437631,835.931635957493,-3073.88610735587,258.426320785666,1334.8325668323,-3409.37602351247,-335.16824398442,25736.5093527402,2982.87011282657,2715.96953571923,298.780203708797,1913.86194468109,-2182.16754431704,2994.0936539193,2253.9571341103,-5455.05334686955,304.985622539752,979.949983782562,250.965801582294
"13",-47043.7889592323,-259.834501584319,28535.5396547391,188.406963117155,-110.401348984076,-668.242905297189,-6481.23183896503,9113.22934962286,2612.88301795041,441.537786330491,-226.026645287838,342.563214339191,27.2781610210867,342.662072982386,-581.226233175534,-749.215740177763,526.875046502968,312.373071676546,-404.942057961197,509.64298148452,21785.0797858276,799.124975314388,1483.88969325197,683.65820625483,-1037.2107222774,785.84363891378,-2620.31863126147,962.136759755212,-1472.63093398958,491.809895792415,439.712792941933,56.4858711657183,1024.97677115051,-5360.91441898088,2349.27662875341,-1475.24439610216,1369.24582473812,-161.068230285721,4827.39256138521,-1232.96951411453,628.942724269154,507.821960668647,-291.855406232095,-683.642313984997,1489.87197011483,776.309091347095,-16071.8248559555,688.436115195954,-888.542208483712,-87.8790798861409,1403.7308868044,504.685895114348,532.584398965175,1601.25437317133,553.84650201469,767.811973828894,308.246932487874,705.048465514246,968.447526426772,-95.8584498560414,544.075494236535,1710.20859685828,-339.671695821793,-783.534895353588,271.896115493538,510.94678743192,2052.73322346811,2378.68376243234,4235.57835800057,-338.716892905901,2131.33946707708,-397.520453615269,-2662.62061548838,2056.83583238114,533.047719585896,-1678.41600396165,1076.17653037213,877.191169768494,187.188789652897,-3303.40722808799,-57.0675343731279,-194.684546666645,-260.967716802191,-1153.37115401336,1254.34656434023,1257.3370861308,-2847.73418177245,-424.345960552397,26272.3057777613,2775.67419761435,3306.78145777911,530.055120074467,2053.8366244785,-4020.70507106697,2143.13382436618,2979.65071123545,-6276.61467335279,386.82669616098,1854.91302184617,1195.23452532962
"14",-48983.1328453479,-1283.45968740313,28381.1615467457,544.254143892827,-446.726590943787,-668.64285235723,-6543.52630901297,9372.5032513109,1914.59038251446,619.207016162533,-194.599804513088,3.333838364833,-181.007659698567,-348.459751743831,2044.68117582199,-1836.75881321044,466.056445743184,137.795013956236,-591.082996855166,327.242286790691,23816.220064025,322.095927329524,1051.90577696495,-95.7813980228837,-1540.41917579847,446.825938220813,-2080.82957173851,2219.42897209884,-1456.10332542852,698.921860945669,783.454751533935,58.1122857116943,1685.20734285491,-6074.95852914675,2232.40102335719,-1484.37997818903,1327.94579069927,524.512933184662,4470.03380702919,-1110.16948315702,555.909878743728,-1171.2146860335,-1416.91701724539,-998.263953175897,698.603885395858,1081.16683134666,-16055.7589354016,771.380523503722,116.741125395379,559.22381812276,1299.17212198622,862.986533035019,902.265974990748,-317.828580243449,767.748694823256,648.625189748991,665.335617647282,1786.66726458572,489.081934994707,-484.629760576335,-1594.60791868656,1236.56906486517,117.754407817394,-730.667016028476,827.773630678609,574.540765063324,2379.81776426094,2553.97447223065,3069.70317160646,-330.647026129735,1603.03008512546,825.358509600527,-1795.58279129407,3024.81667005097,680.402140219527,-1373.99673177319,924.084629895315,899.803986055258,26.8952810838222,-1022.49409690029,-30.417112465303,432.659118735962,9.26977004716493,-1381.12049239659,1916.13933661817,719.835997506379,-3325.29215933523,-1091.29974725746,26827.9759660386,3331.93139059946,3109.89227905282,175.241135146657,1382.25149858876,-4045.78037792091,2586.8423032318,2375.72817324196,-5452.58466482237,19.9216744724976,1321.46782332494,682.101983043697
"15",-50728.1991218705,174.149474372464,29272.5978998982,205.676380308502,92.0489871334723,-1837.18573088634,-7240.89754071564,9101.86711854021,1053.90378648137,430.068226185822,136.992047891565,67.4441614810415,11.858949250866,541.813684045357,-135.3428882173,-1674.48378761722,581.927687987098,-1046.84562913324,-533.893645970711,476.181646778962,22903.8182087692,747.253914173648,1637.80482381916,1149.73551661283,-1392.08979376368,261.985026862111,-2353.67428305197,1795.43670860915,-770.904240060006,721.709520614605,977.217807212385,-204.908894879804,212.577508220029,-5986.4277101386,2822.19704078556,-1927.74286142714,1115.45776134911,-14.3514035236759,4341.6543078262,-1731.92193227591,990.779268136414,641.901628439387,-1751.6076117963,-1097.78450672487,1234.11019596757,1207.49043728519,-14857.9057072515,282.935387223376,-1836.18288935238,61.5497356837782,2591.83952779558,323.249849868577,1207.17877437271,-133.124905461723,1092.4427602716,783.109175726657,87.8198849512989,335.247612303271,411.946654530572,-643.502075686014,589.238153526135,-1212.72387415803,271.96499038266,-772.081293609112,1079.21688603596,953.508866608365,1895.15129998533,2176.09078524,3798.54505100092,-476.20772795439,1753.20436909609,255.73728389275,-1770.25111598487,3210.76769092023,1072.6589508045,-1582.97884677362,616.869155415783,550.287164437339,497.991731110896,-1610.34641531701,100.549164093492,-724.804064975951,-1807.35866281927,-2690.14221323382,1967.76600126979,1366.02133563357,-3343.9769560161,-557.932625105921,27260.8616143702,2862.65973435974,3550.65769648215,683.264889443803,1554.68915567064,-4050.11118297692,3036.01344245559,2559.92794663832,-6760.66159866711,158.74042213844,1827.77748431928,982.530216435007
"16",-53545.1882014136,-543.559823486082,30378.0302978223,271.262713722629,-308.355683175095,-105.773271160226,-6669.64113807059,8119.16323649133,2339.69729274726,363.030384235994,-525.800528770613,-312.315275154475,260.812238437966,691.76090634866,1201.99388450858,-1118.85746065322,318.332835152476,-565.091737201098,-173.326805206509,519.945598574748,24777.5907754143,994.499267067188,1055.92762807504,1189.99039498491,-1832.11472844279,743.614241404478,-2059.69947847647,2104.36043366987,-1554.23088536148,601.565207585752,1113.79666710041,373.002865650445,508.173393989592,-6440.45202689052,2886.38767876777,-1320.20345021314,1287.58932368815,2.75873715229148,5022.28212234834,-1472.46294367354,1359.4622880775,692.850977702743,-2271.07200418088,-1010.59951064086,702.371578916232,783.379148104476,-16795.7380559636,659.383118358941,1260.78580718009,-140.526857158528,1951.50200105997,952.694420355946,677.507266412054,349.576726535799,889.185825503649,793.810941691756,356.809326756874,2155.57060730009,403.146803625226,-551.420139721602,-1662.76401081007,1720.47588058237,-264.926405874347,-1047.95992917606,2651.14762704244,920.514680363461,2456.91640856544,2121.95851174215,3993.09051127815,-513.834523610573,920.194053905309,-411.637418358409,-2239.18686208302,2037.9558693683,901.873977711078,-1390.37185338377,924.980339687816,1519.93739141026,132.864811017665,-1728.14355431659,-414.228468524673,-483.012584226679,-1552.9301663784,-876.720198544325,1576.16771915947,1314.72296454625,-3202.61031368791,-933.393932639214,27463.0988131764,3441.03163514949,2896.09537180389,556.436550150442,1572.67657229751,-4020.18469681159,2504.89567844169,2003.67872501261,-5442.54043099655,-8.5543791053785,1409.75990514501,1193.23856244786
"17",-54384.709621164,-960.002482680601,30634.6970775909,472.400158958602,-567.758682887616,124.667223321119,-7217.78556816429,9422.61633218489,2487.91615249739,1043.35885908125,-395.147410882862,139.392265349458,183.554288667308,-2.90718180659163,-28.727498162902,-1546.90367887569,864.000141566912,-729.665473730664,-165.180813394354,255.619206889386,23730.4075036195,812.64561072838,793.229407802558,-1249.72082435381,-1164.46945507249,811.790831753055,-2112.31767946969,1491.40614565097,-1942.8789944679,939.560122740233,1194.55658862334,178.910198623225,-8.90284502845246,-6621.98728646996,2498.44955281425,-880.199955429423,454.357235788161,22.725315085855,4824.83703051847,-1301.87751259715,432.112979599172,321.365087081346,-838.571279444179,-695.811271649191,405.106147241007,1315.02007657113,-15304.9387631814,780.725697946241,-541.321714768327,260.78166388555,1584.61903465069,801.08252245674,1169.91135670902,533.784594594867,1018.729924105,957.803242777838,389.839228243003,496.501711123841,461.84711704925,-460.358297551238,11.9701713070063,-56.0682056150574,-58.9316632503172,-609.860819434577,573.586882684198,452.816777456892,2341.4111683009,2050.82282676992,5025.67248560009,-342.366084194858,1735.85548216208,512.44286621997,-2631.78971823757,1872.81848136865,882.563212588738,-2294.70414787862,1271.16573039713,2556.41498842935,85.8934584717084,-3605.52007411552,-201.183017461489,894.927821435963,-929.041719327301,-3163.63076919061,1553.56690710349,1111.86477154846,-3250.85575379084,-943.763063366267,27389.5559525099,2701.52600487805,3961.77144802098,193.004187023925,1999.480090078,-3533.0222750537,2311.67442889667,2797.14890125687,-6229.51840072928,771.219917820258,880.867813371576,1052.85135486743
"18",-57196.3906282794,178.854958309072,31243.6704388562,34.2276148546474,-455.0933583795,-2217.7985257188,-7389.39933400692,8838.56144981227,1852.81498227224,238.544829999848,113.439336861213,-132.413692788665,13.0069616560744,358.863492607696,906.256245419612,-810.347434119873,416.065429335694,-358.309882244676,196.697585802245,1063.50895208715,26051.4618995079,721.393288363873,790.509285406125,978.51584018904,-1692.9588134454,649.173326833352,-2579.4783375062,646.541814085322,-1163.43151330359,608.011331436079,539.049271625157,175.722688825501,-457.759890334859,-6336.40755105845,2528.19585332456,-1509.13325381208,1073.11058678417,-150.062921064807,4885.46481804263,-1516.15491502465,546.369621477851,-944.294404873461,-1208.75144972785,-885.321941710513,440.186904533718,726.110343665278,-18231.0459741799,524.327786621864,-352.243998467472,-95.0883406502373,1553.05947764885,608.154300914096,1019.57913784221,410.324371591931,1205.05143661568,787.299437566312,16.3929044186003,524.767833840663,468.760740629678,-630.101108509127,-1881.66754514429,159.822662957983,114.521849340692,-321.170481407819,2254.80060824367,385.482264193583,2372.2098557271,2265.94693861342,4190.4950037936,-36.1260360004431,1585.3015787748,727.6582122269,-2186.37763330796,2764.72524415718,867.901449491134,-2308.34146566943,996.20575256824,1873.05316499679,-400.060230238815,-59.322224548978,-361.679244272041,1402.11215342251,976.39190849409,-3021.43390388607,1877.89022993225,1183.81916151929,-3414.92682597516,-927.339921374159,28310.1712055076,3257.4223927815,3877.69298705404,517.628130784986,1203.76099269991,-2467.62309612818,2200.28978225892,3231.13513308105,-5181.20081846525,-7.27404684954562,1048.42055438042,-67.9916689533794
"19",-59513.310089611,-1315.10744275915,32432.6319920373,605.920603184486,-390.496265695323,-2104.35773608146,-7395.54504216941,8126.38534867103,1664.05981063155,525.378920313468,-239.84864552819,210.149619184315,20.2024595267298,85.260949962472,-165.784794121519,-1312.02990919057,234.874927991317,501.534673777405,-407.91318595874,1026.53980392969,25237.3607894484,285.947894919732,1395.97109855324,-621.023146689362,-439.669308779498,394.127895670456,-2069.32407377755,213.531600497451,-1072.90421320212,690.674075532174,1008.80976168504,91.0585988310341,1030.26455612829,-6643.7820169293,2800.30254795036,-1583.94632131508,1388.92583451813,572.136606880969,4670.09589673572,-1427.17065776056,1556.77813100903,-142.783414003876,-1.1111348944474,-1055.53029895454,814.379784455481,918.412182382374,-18258.5847218417,267.667710701299,1758.26956357018,-87.4702277565424,1744.81922308332,832.886574433562,851.348339302626,1123.02585783652,383.038642698742,962.774041760391,-17.3447338127075,1594.51085041405,1057.07307506655,-799.311024428521,120.919765651788,-999.363543003795,171.389370190757,-323.866031900873,622.238452622978,647.219694556799,1992.66817275172,2578.62486145896,3799.89495853828,-334.975470357388,1984.75224035333,924.396319179845,-1675.10491348538,937.58029548682,492.261566757663,-1573.39367764209,1083.24335381901,1531.98415446878,277.788431611922,-2212.98318982682,209.612749510961,55.3715745893489,-831.778955035542,-2228.93517328905,409.246377523667,1203.71731020354,-3618.85134232853,-529.81680893655,28141.1329289736,2818.154559061,3787.99316424089,557.632260742644,1813.20451836767,-1902.77842232838,2865.84449320567,2798.56397896382,-5033.38757573816,176.590329863687,753.182140749121,872.494500487003
"20",-60913.6092187093,-1240.50733786576,32844.7143174011,673.209135829086,-302.792422067053,-2044.70571197039,-7631.45321421835,9317.55715842721,1469.4937940463,323.969802406713,-539.144331451449,-179.49133163681,16.8934843357285,-14.3010264979552,2868.90841165675,-483.002849728106,201.552168912345,-831.860072582728,-575.75685495706,408.16889578904,26553.5970286937,433.861808282257,1101.14569253464,642.672930794168,-1228.11161090413,365.9661181315,-2078.51683650995,404.211833795067,-1862.64626444596,195.86854514706,1278.29361814659,-157.14380464868,872.228129167813,-7083.53438792039,2568.96996467513,-938.697638199644,1053.94488381678,-12.4090707587685,4846.96230073339,-1850.00723033771,701.562042877447,654.268768117444,-1297.73419593173,-475.643929958626,105.482202435888,607.072359706368,-17291.7719228816,173.540549618998,139.880990612762,336.2307416779,2377.67149691327,904.153990077131,884.559809394367,416.085991521135,312.941924457034,474.782198793194,321.795052668,1625.9074017391,704.327592181781,-79.8270112215713,-1809.23740177405,507.602540867558,-297.306188865926,-493.238424140846,2123.82388254462,716.824110915853,1864.541386083,2768.75173728453,4745.04105653476,-342.592233646908,1842.19044575505,1049.01908660869,-1806.1502406184,1803.28438108657,724.775761890913,-2108.78482081219,1376.44405839217,587.507436692382,243.98767326,-1399.53518256024,-296.98404135801,368.975520154475,-388.624059557179,-2550.63965399547,1192.58476683748,507.706625495739,-3533.8034004523,-469.350099521555,28578.2879808907,3149.2754892286,4061.61482082589,132.486748008167,1808.48274394398,-3046.07785682241,2571.08109723969,1827.78004051442,-7101.61466907488,75.2884106857368,1085.20067931267,671.50251794967
"21",-63321.3194842189,-128.727083466597,32953.930379911,175.281232474691,-65.2745955577562,-919.794423175297,-7960.51485586045,7826.06758558324,2452.87472864138,874.077724587445,-444.293772717245,-229.103372595771,-206.331488145608,219.443603032155,-349.869413427644,-1438.88910398985,764.499426457311,-603.052350680021,-585.232668547741,385.242673366387,25481.4666529851,785.249645045357,926.101162507613,-915.72606309538,-543.213764060214,634.686626899657,-2305.96746490072,639.873535520479,-1445.14776933002,783.799949854325,956.98419305924,611.434743745534,567.636254812213,-7414.40316920223,2537.67060531027,-1450.82535723001,1354.92441001738,97.59354520246,5016.62633737095,-1347.88217559757,1176.14376570081,-734.631702749887,-541.363879987758,-1246.16754026958,1447.17582579464,1440.30444627952,-17860.8397573244,386.735026657501,-589.225454896482,428.694857669784,1494.68952541619,449.846200617076,588.344483184918,387.329338261044,747.595956208226,1284.69319509909,208.839975340752,1117.66856962695,773.476229657844,-622.812885276678,1621.60594852982,464.568262187897,197.21121320943,-827.849117194191,-272.38389558379,1155.54047495592,1967.32558426234,2780.55881213138,5048.31599504123,-61.1440626437401,1301.16701572451,779.287900985362,-1698.18273483511,3511.91672216167,538.611492478574,-1758.43409240893,945.05011661368,1518.75489266719,195.88033150551,-1899.08829569509,196.21010512612,1367.83109598876,273.097238839876,-3257.90406102577,1475.8608397151,969.965674323196,-2921.64308458707,-1034.00957014358,28841.8679496227,2611.69589713198,3624.35795602511,590.463703351516,1610.41404680895,-2090.73363039335,2430.62408538477,3231.91581293787,-5290.45740113167,302.1678290364,892.126650336861,946.501262411508
"22",-63929.4776719237,-275.133812303055,33489.1056692591,212.3999389448,-792.693084576139,-1903.19202110843,-7579.67252573775,8107.45178330712,2406.78571984958,632.77765968547,-266.030673684371,-175.305506770576,-157.376665241729,917.308684180666,2551.50096861765,-2014.13065101214,516.725516972152,-253.415806531618,-15.9532707215928,1062.81247491456,25726.5020794047,960.795559006622,754.902878815872,-1189.50152781566,-1516.07491019702,490.513546760465,-2203.95027002283,2291.53775515549,-1146.48556511176,145.763637559879,1325.79587754232,586.923961750421,1426.1907286874,-7618.99545547272,2275.42220446041,-1424.40042802473,1550.95285597924,154.374126194268,4443.99689900655,-1070.14144539338,1001.9160565034,-625.56019268196,-2014.89493228466,-920.671582876639,415.43422738091,862.783707819853,-17452.1364155966,685.706511577897,-1013.45369680369,399.851048230492,1235.78378887559,1183.81402552365,784.369481758224,374.620460758379,955.153734785034,734.561064563257,395.884300921794,1181.17543068102,823.326432712487,-538.973644161378,-1299.54491534733,508.92233041341,-390.969160768671,-562.878470538637,1812.34727034678,502.146791541309,2024.83490620014,2375.63485960273,5028.80326516141,-351.051225848174,2050.42607588533,70.6036024981802,-2346.08425827494,3370.88285945057,480.003323944804,-1500.43629826599,1454.57630610947,2906.48513861962,60.4315418950213,-3373.91633927108,207.196292139885,-58.4387204798297,-370.332344175377,-1748.85421729406,706.49890783597,610.600159507602,-3198.38078215579,-426.000520044439,28801.5833632272,2920.48200673281,4237.47757329718,236.201688802686,1827.49704641946,-2755.78357192891,2194.58930367213,2427.40917425423,-5249.08099911708,547.717577509761,1284.01749239579,-63.2661643430456
"23",-66600.9327266422,-1390.20683048178,34743.7012859307,-51.7839074812291,-401.760978599963,-859.797077108674,-7754.06830733378,9578.48908351788,2698.35752683587,888.091528669375,-504.604989728532,-91.1212582634597,-243.979022894865,261.519745793433,501.901853886306,-1685.76768135804,714.366287930846,-326.991689390869,-12.8230774475983,1056.66842923976,26159.3307671579,942.575395278025,1620.85885127875,619.471654357618,-2073.62196033386,1047.79510366599,-2497.42551963775,1286.89146113689,-1131.77600564251,705.208211163232,1132.80592926415,10.9276601015901,1176.98942614215,-7859.32485962137,2882.06318783465,-1859.72377166964,1233.23943129977,-29.9713557018697,4644.63085253724,-1721.21774254685,601.315991817095,30.3947422542615,-1458.28459182301,-924.476265559606,938.290831786042,1256.88571291147,-18175.6669679178,398.647994047532,-587.630724688191,603.269362540575,2012.67434412266,613.251107111552,1189.35738411752,1414.05040742491,874.573137950183,1081.76757384121,220.579540106963,1687.18330047836,1121.89708225381,-97.4895070660457,-63.7761020911053,-45.8272102814025,-381.2366917098,-1016.2380601405,1399.10903133728,1294.42253835173,2408.21797672635,2505.79189352569,4893.96136423362,-413.24031014481,1366.01517754537,-400.027831085721,-2564.25970250463,3718.25594626146,660.748538420689,-2025.7917310834,1007.83881457403,2403.75470351134,-212.838335782,-2997.05084274287,-266.789548342694,69.5950865187988,-1870.86009883351,-3428.50171540933,1850.99371628061,945.84641799546,-3415.45893367278,-636.909659007703,29647.3418603855,3016.91246866167,4088.13290844224,772.895453550905,2122.74495248412,-3500.46397747872,2998.60246829858,2556.04993864906,-6392.92383293866,582.148385802198,1750.69287162302,152.761306140167
"24",-68877.0370266016,39.9242237516042,36257.6826447139,14.427056355666,-852.084801090661,-4556.33096927421,-8297.16613062933,11708.0944913383,1701.76959745027,539.144913714359,-252.147299890561,-249.306823814726,-203.831096251462,290.84544154638,2838.92139606961,-2362.23402593538,899.755339773473,-1442.64292631127,-105.768562666215,937.079190612576,29900.6903089352,543.890201354184,1396.28735598516,2601.61258672223,-1968.28653918802,382.988550630203,-2981.61560604718,1025.68435627083,-1494.6069180088,456.264096194088,1284.58700280911,-46.4310312238442,705.947522279123,-8079.56313979152,3340.1590574442,-3198.06270544979,2278.66891874365,342.362915999641,5452.31248779022,-2398.42566252331,396.047440221292,-620.266675840719,-2751.34396777494,-1328.72046113593,638.286401958534,1341.70138065753,-22165.4398385626,649.098583004181,261.286845767117,-118.079059851111,3782.33899286856,885.400953237354,726.588971984488,423.456793202696,780.967651651681,483.440512950523,202.272513146909,1761.09796836259,473.889699763942,-210.764581708238,-878.721519531265,-1608.54029800099,-614.326007625056,-1305.61022644986,4245.25180655483,997.231004727764,2832.88731202195,2784.86729558261,6661.83576385032,-478.083899178085,2008.69425835885,-900.394869437356,-3759.66278260204,4794.30590896225,656.126193855671,-2861.75344036839,674.70032774986,2933.33150587393,-73.4007866487548,-3515.84733047547,-167.418213550389,488.643182350831,-1226.61210407672,-3187.94818822737,2126.26265279756,907.441124924258,-4351.13325396118,-597.144240793259,30977.7978889601,3928.06661365232,4896.24984025594,246.480243305961,1724.50696125279,-6967.22936739631,3322.00154711534,3603.33524500583,-8164.65438342661,165.078879491305,1852.35537156115,-1251.43971911201
"25",-72730.9221180506,-2686.42803141029,37525.8033888784,85.518655445545,-1381.97523324491,-1693.46425821785,-8560.04205061879,14151.7018568256,2320.13839194363,877.819580919351,-336.187627521078,-293.442503762641,-197.321640567508,62.2750731947812,305.121407202071,-1909.67737349988,843.977446664109,-717.201474636901,-72.0139211932389,1307.82807126041,33539.4301339029,637.810035802559,1293.93536464029,-727.9315088789,-1946.85296570262,1131.91699815814,-3483.91977905196,189.086697196841,-2520.33147740946,877.937844481031,944.429012231018,462.086735124637,-733.68452479093,-7994.22766219368,3303.5997810328,-3479.57473082277,1205.64079194209,-111.313389608258,5673.50932526021,-2344.54251104514,1327.88332404693,-1169.36785065677,-2184.00679066729,-688.299663256446,239.530804266542,1140.6641425345,-19562.1776881224,781.882378214304,899.549290824985,206.149732648929,2627.497069027,596.185837925843,709.407185705823,1794.46214632885,938.585671958833,1381.88305632981,333.111170124082,417.296587982578,1206.39090222116,-1408.73391858022,785.782927358862,-635.062013926664,-170.752921479898,-1031.50199838962,198.573859936317,1190.48034682062,2507.59635024366,2892.11082831223,6407.02624516268,-968.111059520822,1824.67995483199,-488.516833973828,-2839.99577477259,2742.97516844924,277.508511863491,-3098.34598684107,1405.5523610703,2956.53275902733,-477.959782303474,-4999.89155795754,-213.989407564111,-570.090627311227,-4517.46139381802,-3346.8866676097,1260.69968748646,859.662653727684,-4883.08436443873,-748.327187447925,32505.4458108785,4196.99979598037,5087.59784669746,224.237238694641,1823.18686508583,-4105.77141131392,2846.7485598846,4501.25898153448,-10806.241094707,153.37692592313,2312.92998640986,501.545864622456
"26",-74535.6025106726,-3620.88687576183,39271.8318878447,297.154967741627,-748.000988187953,-2090.77103360569,-8605.92465727835,14127.6094100821,2443.54210899301,574.834239320387,-650.417608297378,-495.671625664423,-400.691377625082,-405.752131390999,4982.55581332487,-2708.56438328955,618.090686510856,-604.245228636317,-601.122945662888,456.377329499424,33235.1551351775,944.750788429628,1433.73735067856,-1767.72474796751,-2431.87393065804,878.037999361807,-3556.65635626208,2252.73975350776,-2438.76797894656,318.733046822892,1064.78744995127,-79.6492983493044,1175.51314220136,-8405.52772017447,3422.69023872868,-3499.0287262105,2243.57166835902,476.933201765023,6238.70552600933,-2280.16278407441,473.831102265647,22.5036768621053,-2033.48682130691,-979.104330733842,767.857704859703,1700.21525849778,-22282.9539565199,434.26640626446,-798.11147889892,-51.7334096866374,2788.18325107087,776.011751372785,1181.84836498357,-1139.10303787502,835.523917868603,1061.89251037884,94.7813033051417,912.479200682835,549.951554990206,-841.267732824554,-4225.67215934693,-46.7478553554505,-253.925850767507,-1667.03477658498,2323.82322090993,1042.89492800745,3054.78724287431,2770.44585756645,7154.31178726693,-549.982344536821,2461.5410348337,899.900758427607,-3557.2306951429,4952.48811941577,473.863338165129,-3420.44340183398,1195.18471759941,1986.13482403775,107.830739495922,-3879.63407735404,-214.513292890289,1642.10767362365,-413.565500118832,-5351.72549435424,3067.9012290565,1337.83008451203,-4256.41301019733,-939.053500681128,33455.4827422851,4283.07525238201,5243.02356052066,345.617777046337,2226.80859503541,-4936.20416689705,3387.25319192273,3499.73638942133,-8160.53370871032,212.425089357247,1676.74446206428,-877.245987967663
"27",-78369.8102283668,-1187.22840913613,40298.4403035854,-263.34149928022,-522.600218053487,-3209.04214176897,-9290.75842986613,14665.9087582192,2464.47745815714,810.973050234299,-771.744642529093,-457.164217743576,-303.714138702837,30.8571272184814,1240.56627414473,-2655.7048288077,542.259065455906,-714.229121550315,-494.266348356244,679.317853896849,35466.3060422118,1083.45058646436,1483.90074339212,-1339.82992027727,-2154.36816425014,711.018013073817,-3394.7497963358,300.435398377401,-2890.18965937683,663.344705712893,705.966744137011,63.9984090141029,309.920204313588,-8529.47755519768,3704.8341736492,-2211.63269471805,1145.00008917403,134.824787030845,5863.9518928323,-2586.25592983459,732.444203734846,-643.427479688162,-2680.96581439859,-1333.64449465402,1356.55425147921,1073.34441485324,-22733.7079803499,727.809613223518,-2028.68560171228,759.084382801311,2384.52027508145,595.622108684291,642.158845251977,1112.94757758519,822.436184092386,998.931093612613,552.963577638604,1633.4254159259,454.85837699992,-885.62656294787,1723.31904371465,-170.118441060035,-425.005387042737,-1415.21530366671,3109.42337455301,971.745959989727,3023.14799512677,2576.08054910966,5989.31619491611,-753.393214103595,1628.33414171601,1395.61895418192,-3546.23695345984,3679.75646355019,560.066877134662,-3417.81609444143,1520.98550643111,1589.64017444442,-180.487596444118,-3452.78342558289,-516.910527806427,-428.952503082322,-3916.6026617751,-6311.92369689178,913.66199301409,1083.95684031807,-5005.07200424183,-1345.21851529895,34449.446190847,5064.19153600644,3982.60798982153,251.026934500657,1991.62701020062,-6288.67830979088,3350.11018959348,3053.73883332955,-10974.7294111297,211.326468348133,2500.48245304525,104.011700735026
"28",-80357.5806105496,-2151.82459518849,41148.6087611676,60.5298313386093,-474.618172591789,-2283.01975996179,-9824.04664176735,15296.7103712319,2726.27508375455,476.761155626029,-600.199704276803,-178.195029382971,-179.576764992721,-267.069913796978,3106.96086380354,-3150.89155192578,727.362443106376,-921.523192860723,-547.850743595993,507.888187180015,36584.1907270116,358.938097449792,1617.16844054191,-1236.10314989591,-1449.25569182754,878.150370778985,-3558.08570436382,663.448767544644,-1731.2012471936,523.307401102815,1287.16953169394,644.088063475344,-468.202578155266,-9387.54931844023,3830.24599460234,-2489.90134187878,1602.15333943746,-124.544875749029,5624.38439848587,-2689.39620436854,432.737952481856,-1160.72258590001,-2364.81410151304,-1699.0091033126,554.691074187457,1546.15204583817,-23399.268524241,665.522608609357,-2696.63736266683,647.797194457089,2937.98459307854,620.654654552102,863.029384503749,-567.258714739871,1002.44918855664,664.68203312205,366.297665240084,1471.88831783621,785.016126886811,-1540.76255749576,-871.225289023671,-11.6215596057989,-596.229110737883,-1240.39149471633,210.095468598645,1205.11465483473,3287.45810802564,2459.90750786185,6457.89669875735,-725.232047162313,1948.57734579315,-1410.46416695374,-3993.98526516647,4225.61104225559,658.65474327697,-2626.3029483458,1263.89584870296,4496.52616057497,-400.837257827552,-2061.94983626697,-665.028059815973,-1658.16257608969,1905.99622800491,-4287.1452956894,1803.96734529525,728.551204108624,-4396.93315620568,-1413.3401482861,35802.9571294139,5217.40552397081,5033.42814064887,237.747367800578,1957.967812435,-3971.67915373952,3579.80775614962,4188.01231741047,-8910.96013504622,775.74982661393,2296.96953035864,-1393.56735928343
"29",-83811.6464082391,-2837.6602562417,42537.4051431162,21.593169049985,-1069.47133004785,-3770.78039032269,-9458.87942869218,15183.8176654216,2859.9221219869,771.175854274336,-535.358734748894,-599.245261981924,-306.523443173678,830.239045470508,848.377461404257,-1909.61569252168,1195.14409732189,-120.013684417238,-335.120494480515,840.595797718624,37299.6712691639,654.930222807524,1217.58635504564,7.13518439180261,-2121.10728190851,1014.34861872243,-3407.75584872382,1835.66729103573,-2182.79670273595,735.358918059162,824.648994181436,96.829601138293,-1084.91291616202,-9378.56198300438,3714.26190106407,-1826.61757860538,936.08081727723,-212.144503606606,5906.04040204671,-2182.41064405071,1261.71390685171,384.647846750131,-2704.74299821571,-1334.22662518084,625.845196264941,1574.09081866936,-26872.7124928366,195.687817717411,-1535.22129267752,-89.309901872252,2334.54906469571,532.124775204602,1019.2861818723,476.872518233994,878.789985127855,1013.81951610615,743.131763432865,2073.35959003565,516.34950584519,-1143.08473084536,-1661.93428067837,-65.4209798756002,-472.381327756878,-1540.20339526148,4164.83846062791,1229.30789781972,3187.14478077369,2831.39016117235,7564.23420636486,-651.323256107611,1228.5359485357,219.18231160068,-3527.44919993727,4581.75187239485,1034.82546080239,-3067.88442093229,1467.31603925574,2928.61036261497,-164.096433154232,-3144.00703274629,-563.333616124163,-277.546488164999,-1717.62803543996,-5493.79272465552,2463.00897055708,1093.62676394809,-4467.43554888964,-1040.99177722752,36367.1600755361,4823.06311104255,5210.43295601951,356.317990444963,1894.32760176362,-5244.13953612641,2940.69782170056,4164.10264341037,-10512.7999550327,-98.3415344628612,1845.51509523218,1453.77793460134
"30",-86194.5572599802,-2740.15178506687,43818.0723166731,185.993717212547,-519.750448909014,-2908.31028565244,-9451.35701281421,16020.8292316655,4687.31980643827,509.322683826487,-525.070889208299,-451.445433092229,-259.903566934908,-214.02756765068,2546.10479158379,-2162.09943806547,1168.84895478697,-979.591757747116,-899.719033459072,295.2485067922,40004.544318874,679.305161357845,1684.90538855398,-2386.39350370812,-3223.44806367739,777.061172076017,-3839.93959596312,2148.32902233255,-2048.01413240956,824.436268961978,800.222003861454,773.947909482991,487.937607491098,-9970.18392413159,3857.79117901904,-3582.84716083637,1240.27528845782,-151.122630353559,6173.07357643113,-2470.53198193961,742.422446781683,271.734030830671,-1147.54446334224,-1496.60171288863,786.672715477795,1540.99874853515,-25377.5779849404,479.155470936693,-263.2357731216,299.793630804834,3565.91003213481,633.336823454092,779.387609400747,-1090.0258782267,793.228810350097,438.819036277499,141.388999664998,615.441449549771,1133.19876548487,-1290.76357988554,-852.279890281053,-1761.66770918985,-660.578231613688,-1375.54494657141,1433.5827241761,995.604145880373,3352.47202748998,2522.68723032148,7213.52975827175,-1062.56406231662,1689.45737971102,-1237.95473704656,-3179.33205613915,2642.19982572324,210.448766816394,-2916.94077941458,906.57122726193,2904.23481659494,-335.703416508363,-5244.40860936612,-683.452549987947,798.163138322175,-1618.89760708266,-2111.2714489966,2057.22008766005,1048.96173819402,-4563.72479237653,-1181.06545325548,37204.2342082946,5500.34864746344,4536.08774738133,122.142132226834,1691.93011539821,-5576.36773223407,3394.46770808875,3552.40565045277,-13632.4547579879,147.04141564817,1336.47256476747,-199.632593623497
"31",-88400.2095480372,-1176.29159575011,45254.8494205575,-153.128375844587,-621.686063645394,-816.659188315952,-9909.6701995355,16098.360973859,3044.42445748523,954.883745562787,-296.058471621007,-440.573842518848,-403.605293905631,877.623151301178,1307.94633198272,-1733.41937870422,683.409484478573,-852.319851607745,-676.956911747346,793.662438933543,41560.1023686799,531.206499451775,1162.29212647998,-812.367322482637,-2593.87471409689,1014.6170898342,-3625.36212153099,-19.4911444762128,-3138.59943522618,302.968195791611,1114.09128935997,228.750471226295,1144.95755748926,-9980.45744087665,3870.3450955234,-2495.17157845119,1012.71749314695,64.1677163112955,5857.03421032503,-2022.18153164854,1405.38352396806,309.932192564281,-1482.85524240905,-1503.51737559178,793.752237458069,936.124500107929,-27415.6590945266,334.508353921208,-721.124523501421,97.1115694944234,2357.39873218082,203.476107495967,1160.60506479897,1350.04162682471,923.233239379298,989.771430081421,271.129891495108,2507.7866257663,1023.91615240777,-1440.5220663639,-476.957433867921,-795.433515949445,-891.005300404232,-1551.74543369722,765.538081375788,1574.08684773272,2743.68224328869,3361.04582072466,5989.29347227602,-933.549174845765,970.210043850243,-158.000854388223,-2879.67904450385,4025.7927889925,789.599179018702,-3316.77803215748,1482.85558645861,3045.46098711775,-432.612750412323,-2315.3753379534,-131.523266649318,-1776.27717759688,-1947.38324881543,-2624.12550362406,1859.16956581231,781.563161664859,-5053.99035168514,-1241.66557291319,38163.8953765945,5472.30379540997,3931.48404152582,146.199851564989,1810.84372457484,-6132.36466038452,3682.76684213812,4207.78020214794,-11925.5377427824,-11.4763785015859,1631.0974837103,972.264107576139
"32",-91369.8408665131,-3609.34725417095,45749.0466595385,38.0619776038459,-1171.17642892945,-1551.17787853805,-10493.2226220259,15098.3183914721,3171.8026024029,915.629140033046,-658.372593254811,-169.363987924625,-117.767446167091,1078.85598980788,4476.61976115751,-2198.05015805676,677.229907250023,-1172.49041101451,-756.171410866859,359.604518771216,39446.3626971515,916.05143382352,1337.06848835852,-442.268243126299,-1729.89679749331,865.21044532779,-3056.5436668703,3702.22336865705,-2078.39686429788,178.956833663107,989.784487672962,27.170323622093,-753.905015891878,-9981.99573782043,4085.36732538011,-1729.5427425097,1263.88138334761,387.657361653213,5841.36502633601,-2364.25139620058,1708.64946238347,310.25937491024,-1523.68083963156,-1503.00201268359,1351.96353914612,1606.6324809393,-29260.8169146314,399.736885525728,837.627468228515,-28.2362331676535,3129.79482755205,1024.50592269786,1273.0227843528,1123.64257313651,727.735503503006,639.877039601523,552.43483731041,1202.37517841854,521.209599506178,-939.961154661804,642.861426040801,-2366.77277571259,-700.763737194549,-1379.53345813987,1775.61705415102,1506.52930274125,3447.77897126919,2640.44565232372,7533.88544868654,-540.470709214713,2552.16773857516,121.021820406954,-3434.29568391579,3254.81408703548,671.211121704053,-3349.73831067438,1084.41375801078,2092.92054306957,-430.753935100972,-4045.212924533,-475.461366384322,1458.8921558017,-88.2485918068526,-3274.01171506418,1827.84028578134,962.442080031368,-5088.9354227389,-1191.58936188973,38846.2325576296,5714.82486383979,4871.54574090285,540.000954947197,2433.62545102735,-6200.73872573824,3539.45046244116,3143.98398314098,-12278.1384821144,78.6428021756866,1930.66434145519,-884.49744706254
"33",-94049.2597843827,-483.671405692494,47520.6773643762,-121.403357086399,-444.398210171533,-1466.1905123248,-10633.8828362219,15016.8815947594,3133.28007490417,76.4888941377871,-75.733800828355,-729.002646964774,-393.861117540913,549.970487689588,1524.40257687439,-1754.71928276969,1260.84000387473,-502.272934700655,-596.120601606476,543.388065019853,42007.7255174887,994.03837462455,1473.37836097651,-2288.28506905241,-3468.13912269034,907.217355420753,-3221.92455406144,1129.54462451204,-2046.18445918863,623.264777840317,968.744633677494,533.455758563232,2579.39335023733,-9940.55901299076,3974.24790899855,-2776.33106653153,1312.27437993625,-52.3847014120194,5916.2463980134,-1821.69415015475,344.19072077987,-160.55806780811,-3140.51882829789,-1809.55408554309,1364.49592872123,1123.40515112988,-28101.2391629136,802.738246631673,-227.635580020559,547.759108055998,2504.03363611031,785.214843522702,804.525951816016,2415.05147554573,968.775113838376,1116.08227551705,242.003775165462,2434.80920829104,573.07442036689,-1711.40477138055,-2058.58160924753,-36.0361535018903,-357.169201804754,-1056.0548693002,1012.45405161107,1339.22762410054,3247.51985633796,3071.33143938789,6241.09046970664,-1158.01079738492,2238.54284327148,-554.755898860479,-2604.25932847673,4440.57955216158,904.479618458313,-3349.77113424266,1359.85440207056,3853.30572485852,-538.048195931712,-3370.26680030251,-578.167619704879,-1110.11352118694,-833.452776061154,-3802.04383007868,2651.58116453614,827.050571643479,-4632.56761048036,-1155.37544115285,39411.612444687,5011.32676177031,4977.70587511223,319.6490909283,2187.31901079701,-6398.41426629881,3316.01435678556,3408.78661832366,-10989.8012747237,527.321851961091,1485.53586588635,-576.351244061715
"34",-97529.227169451,-2301.12854804796,48573.0209980602,-260.578005183155,-1086.25516236282,-3144.21443447961,-10951.0701351825,15858.515732352,2834.54531241574,845.86478327239,-397.768437036377,-616.735798277365,-647.356052352593,527.706860103976,4329.07509609139,-2699.17878241927,698.099773550646,-827.995087921399,-741.169348140501,1001.9561173381,42258.6205713131,674.748095101478,1156.04356394772,2477.19924524954,-3029.80159250135,1011.32969754745,-3179.02812678919,-275.611434549969,-2269.37617038738,644.536312923164,1125.60393493998,221.851662804294,1352.13867078896,-10573.3029735087,3787.68054009068,-1710.192650844,1939.8211226795,-18.8766085465777,5892.03049620858,-1703.42559390502,1236.97266244592,-503.052105212927,-1759.94836498695,-1742.17109210524,1628.98895146735,1248.69967722738,-30714.3510614137,870.652399410643,-304.127384742847,819.029662556531,3723.58698103486,802.149976694856,771.863233314032,-81.1361321001668,551.239239235717,852.854154512852,772.614100212811,2109.66301749728,679.796627121495,-2037.93396814751,-1981.3761569951,369.218913943153,-843.394364669503,-814.342232170835,2340.2261967933,1250.73023812798,2850.48002061948,2703.9346309164,6400.1396276852,-670.957291858556,2333.01748696973,1109.87517540525,-3101.52478196235,3754.13293190544,862.710125737942,-3834.20987312314,898.371793328974,3544.37713531645,91.5531084332717,-6482.51697286065,-577.594578739091,965.774385619585,-1841.26409775864,-3295.06648433648,1692.08716005914,1587.34799899345,-4960.60452977597,-1141.49856831845,40361.0891560699,5501.15601016314,4841.78562001467,87.7977676858214,2303.62713212343,-4983.23984254506,3235.85196395654,3444.3413205344,-13735.4977956347,-77.8284791454845,1305.71121832786,-141.298861758213
"35",-100647.437502392,-1228.9791675197,49525.5698635721,-143.483552600974,-660.168083340836,-3543.55673611376,-11034.242086629,15677.3398801288,3029.80991201386,608.793855278077,-343.765858572051,-499.748494230079,-220.55397249414,285.773175219144,1593.58546218113,-2170.4835072214,652.342961380417,-239.105926285217,-393.726650457985,1062.24134398678,43551.1900945784,875.96313296887,963.814956065445,338.5289965362,-2624.80295839838,688.073812050749,-3760.85777731269,752.994235568744,-2245.65644521223,551.29811325127,1180.56847091502,689.039639300045,1816.75611151889,-10431.6751275833,4031.56265285718,-1793.80862848324,831.786917578989,284.180365652738,5959.95555137673,-1873.42012001247,519.162340257794,-1378.46321907936,-2118.74733173591,-2049.12058084703,1329.11007415744,1354.73020429057,-32197.5654467246,469.580494439597,-1946.77644216823,255.76430657818,3188.49825677956,978.373461340242,1254.43623889046,1457.57570996335,959.327791006654,1378.39501044893,384.353555477121,2035.56798987582,644.122158648115,-1018.46417907116,-3024.90555468133,-1136.1543161851,-583.722596619724,-1540.88445247993,3398.36859646515,746.513910802275,3113.55107150902,3405.20233726219,6911.34970095948,-555.468440486166,1799.50652550478,311.037953245968,-3040.09598293775,3046.30672111463,746.399830267868,-2458.01147682049,1462.73972540092,4032.65615833613,101.332660935256,-5387.11685617491,-448.266178527375,832.147151536697,-481.176653716479,-2914.02068266646,2182.63601990913,1410.75659068231,-5284.97910379626,-1550.79554789111,41350.2018602571,5415.88714085404,5315.69273340615,334.491679379257,1633.70138771939,-6494.23236588082,3431.68196608035,4168.65951510579,-10110.7919115757,685.934623931041,1051.14123674082,101.668747718301
"36",-103565.572362482,-426.277640140121,50882.1376624241,-150.197678576785,-1206.78302765455,-2137.78454697085,-11331.9453628562,14625.9093703708,2888.68080762734,183.049109500044,-440.637402888662,-637.210878513714,-199.544073387244,879.351616330164,2649.49458740995,-2411.02976752486,345.347639708025,-809.313155554411,-483.868463569566,425.602899518094,43379.3255343586,808.911947105172,1642.97274796684,-1060.11623690608,-3086.98664083529,679.941607823668,-3177.10092569321,2698.97756829179,-3118.48715181066,327.282476168649,947.930566190708,37.4519189398195,1066.96668060905,-10696.6793948239,3766.17281427999,-1762.20197530067,1305.78182361017,719.248921704335,5767.43996034781,-1746.37593583561,1100.87276674293,-1071.72552832255,-899.212842523121,-2363.10497928203,1156.16338728551,1009.80858996149,-29401.5137578632,323.117863638736,-182.219188212733,947.229417782818,2335.96401802546,324.071476129176,1036.4147969191,256.889882814435,761.507000863792,1228.671923026,435.250005694591,923.027989385005,1149.44814562979,-1571.67753760325,-606.425643439418,109.099600572428,-677.666864138792,-1533.05419490217,1057.89175722578,803.769237966717,2604.85708186032,3258.98079970228,7162.47454799056,-803.717975700394,2537.22102132052,-123.588699679964,-3199.76714569063,3627.84621652426,478.085963279248,-2846.85672171308,1501.31076864064,1995.29042057064,-261.885229586473,-3211.18093938587,-289.150930904929,663.424336657118,361.759411260628,-5578.71898559808,794.869219968009,1361.50505093118,-5120.35986153612,-921.611780535308,41630.3758273296,5350.78000017336,4353.58636233752,195.521390979507,2488.42512891167,-4605.12167434369,3977.71007397683,3684.37809907933,-11735.2843974949,191.210905628102,1403.35151485921,-48.01042654282
"37",-106186.313706463,-1298.10232029395,52261.8183968408,96.8611705196236,-904.391228867376,-2247.68521494181,-11346.9294963468,15518.3694964835,3590.18387787129,410.438509582269,-429.502304749798,-125.610277973457,-263.327374391553,367.795734107527,-566.995214605835,-1741.98787205777,403.910876959488,-190.597229914747,-356.52808428299,458.356516301973,44661.5806517407,995.135639231349,1748.82673092473,538.977174878115,-2269.7566631641,1111.41626194518,-3807.9354079419,1332.25701417719,-2646.53313279851,501.359985498271,1108.97612682126,124.47889611593,1451.99156699513,-10572.0637299786,3763.18358119298,-2322.70773933087,1614.85110945191,-178.612199646282,6216.47130431403,-1681.96447263782,844.878421615156,89.4182989864322,-1406.85516734142,-1811.27986372028,1620.60556589939,1002.19018368597,-33299.9096709602,774.847516494355,-1633.56431476943,-92.5370819683135,2177.08337394227,550.936354437719,698.536572949006,1848.94711469233,670.745284491611,1012.96413610525,375.343204563316,1030.12584674215,955.950420097443,-1243.31316093447,-35.8047323154227,1998.20596019723,-758.666181002431,-1231.91726775216,790.751721152179,721.865684911013,2893.45382182227,2976.23820746613,6947.71109525521,-699.090115201238,2664.07236980168,-754.611954645585,-4088.50261552047,3483.35313398652,811.238434915294,-2909.12677115619,1342.65480696845,1720.42928119514,-214.514013722594,-5764.06859881868,-190.433887360223,-657.249604635751,-1028.61991912847,-2925.66351306916,1943.04513278351,1532.97060433445,-4572.15621678379,-1111.18427766166,42274.9403535021,5115.48247434442,4896.54283581127,426.42711792409,2607.88870477012,-6936.48934865725,3141.25504963753,4401.78687578635,-12872.569493497,299.631530703602,2251.62922633602,976.801872159169
"38",-109148.75837021,-2446.7895796554,52777.1497264473,260.387723965096,-1234.22934341135,-2058.27549268898,-11416.5723030021,15818.6273185041,2815.40826545564,616.253744633499,-604.008717594039,-71.873654531428,-653.051617473211,-359.115177985193,3178.32702274767,-2874.92255874373,338.720821566457,-376.016006593415,-596.682728989551,285.327414740407,47079.0588889528,488.430541836604,1315.20721994549,-475.600234459546,-2878.73237740412,903.785460923769,-3433.12804259436,2831.84116444866,-2632.25789036176,699.088468577497,1537.50605429622,47.862157494677,2267.30370323038,-11267.4236431676,3731.06666248856,-2397.1867526215,1564.43153786635,481.77720846091,5864.67263315437,-1402.29916025921,759.400089389071,-1749.55129100545,-2673.10044134775,-2053.00114680191,921.892464053778,1356.27935019965,-33193.258290098,869.899997384563,-443.58829887155,523.436035576074,2088.39941037438,932.080496010566,971.248365852337,-361.878045903681,908.480540814397,842.633811360937,361.62411585744,2229.59579742476,984.392300167234,-1585.0124146329,-2820.54099827077,1220.67310612728,-694.836815219759,-1181.82672543953,1471.60314558941,812.606015961732,2956.39931809534,3043.82713119173,5596.77909862026,-724.169207570871,2080.60049145661,669.753945870405,-3219.89979645525,4705.69535691219,962.181178108966,-2643.40606573982,1182.67141646543,1782.76739336665,-188.968055390897,-2863.45525660495,-510.132016311829,243.033581103781,-809.307343769794,-3234.61880501634,2699.46246703859,931.439685443508,-5059.83192229288,-1735.33812626285,42961.9200268823,5671.89993696589,4652.17023933176,33.6425829087276,1922.60466947101,-6829.34653619959,3588.31223388949,3757.6259341529,-11636.4967218278,-54.851572150926,1726.55774877989,355.474664760931
"39",-111909.706415167,-653.22303364238,53765.1857395354,-89.5024952825499,-726.144375062949,-3741.94909384187,-12095.6032923134,15511.3388957427,1873.68235331126,429.268634082241,-358.420038381531,-692.349195713019,-375.432903475485,511.520081629436,-6.99439962506958,-2705.20629706447,465.54053664542,-1618.45287959052,-576.482294749978,418.078133320254,46094.3850306567,909.354991072324,1911.27794385083,1283.47440276703,-2718.96631106385,373.523363379882,-3526.89758196152,2306.32944914706,-1955.15761935505,746.843856972778,1380.89323858063,-248.746250761843,391.779574936596,-11205.1199118754,3888.75839766766,-2858.03137900755,1341.23882245442,-28.376564181864,5725.72345785668,-1792.20226020942,1206.20386299385,231.785007293741,-3064.58482331983,-2233.14950030488,1388.36398464438,1470.03499097365,-31577.9046537401,370.81248052595,-2943.54475225721,6.48995405606979,3477.73386780016,352.606277160952,1255.81763502468,-115.512571035909,1222.36614583065,995.988787791344,410.585724518707,611.352631843194,445.438644938711,-1696.47382237413,-35.3369892411485,-2046.41378473071,-95.2382438144287,-1246.07577262815,1927.40532351989,1184.51079311516,2944.4771541353,2699.26210947618,6402.55767175572,-859.062021974249,2236.77761307819,-59.6137621949141,-3206.90646019233,4963.4881833577,1122.69457298076,-2892.38457716071,850.705696699127,1312.23045328425,-163.402006299001,-3562.58186014882,-257.063534950398,-1294.19928968996,-3135.29937950341,-5064.54227330001,2674.09755964976,1082.02890028586,-5118.18826819944,-1184.81769918852,43567.0385951313,5206.67122092706,5016.24042628168,432.924457294069,2099.26877767522,-6750.64088270891,4035.10560803815,3895.04127005451,-13461.9368282128,97.678733125704,2234.35170461342,709.711578357218
"40",-115802.876641123,-1560.61501431081,55314.2202764513,104.823794864492,-1121.47606758174,-1258.00758474818,-11526.5910568983,14358.0817077894,3267.15866213959,386.382854282124,-920.939440069677,-718.904439137366,-22.3673301403578,662.021765649824,2182.96681684696,-2192.35934746141,218.187226019564,-1079.35055066225,-251.39528694,457.738055513262,48507.3313808252,1162.17407684766,1325.24587783521,1438.797877709,-3144.66826925428,883.51505299063,-3261.59790557593,2879.83148490038,-2750.58684140999,658.86987217179,1213.49117965493,302.9103088764,820.280007576931,-11648.2103944376,4153.58078207074,-2335.19438977357,1537.91727604924,7.36373340551012,6419.84943337574,-1696.49737158871,1580.8635596798,241.714371013703,-3752.58937198416,-2160.40110154468,889.760090155669,987.775792686329,-34166.747785333,696.88105533324,1130.05617841657,-190.10214651426,2841.16037030398,1066.84525924597,799.787402182039,371.431927335941,957.255156215565,947.387035770673,355.951407450077,2698.92037092726,308.917045946922,-1616.26633172869,-2989.38317502545,1916.75330631484,-469.215397592527,-1522.04890683615,3845.55180814826,1130.08826955779,3437.88141110312,2603.74130014526,6636.90533575311,-889.131251870343,1338.50587943343,-792.029796614072,-3670.17279745965,3629.56275871329,1126.91671732793,-2709.25621533601,1250.02631690839,2589.46266435006,-49.8491070829439,-3675.09962929457,-489.662188424895,-957.820375039743,-2839.46347870196,-2566.80381160223,2272.83486800575,1322.76034258095,-4954.83445006715,-1370.67101818176,43903.539759321,5798.53157807652,4340.06076953023,272.407763151094,2106.51680160658,-6722.09132052952,3523.9812720194,3263.49805821854,-11658.832861308,-52.8974284765933,1821.96214898356,871.982065654872
"41",-117711.220343201,-1932.51123147097,56287.2009206338,223.019852033858,-1370.06732894723,-1000.46603174743,-12069.4809285249,15848.7761141845,3429.07489082633,1033.32443289235,-646.810220626888,-551.980206380089,-463.699626708263,-20.6530546059055,107.797354799524,-2580.74608393203,805.530199456915,-1253.76410683283,-268.332732643238,170.8848937518,47093.994518842,983.099901782873,1071.71472080071,-1879.20081026379,-2460.18395928038,900.408309371781,-3310.58962948156,1923.13319856469,-3141.89872875656,956.296359716499,1447.35670416427,50.8206552456612,187.550544991793,-11867.7270375839,3982.63844592012,-1925.45005435106,687.232076477502,-11.8605302686292,6303.49384827939,-1600.95450972609,649.391087900244,-151.966679504827,-2050.29324403085,-1768.74299648569,484.492044177956,1605.31823668313,-32201.5564852974,825.18067867776,-1286.01916159975,249.877986268169,2485.30201454992,780.3148885554,1263.60559269759,623.980670604682,1116.0199363602,1164.10212070115,361.515685525539,852.79448261667,546.297934196305,-1542.48549301801,-944.350109483468,-410.866890008876,-251.311091017267,-1089.88035894951,1277.19570381039,630.824783401901,3186.88415459324,2457.74310945361,7806.87845532459,-749.273311038137,2203.40167109328,258.55730735816,-4025.98714461143,3446.38903946509,795.92214708012,-3641.25144774346,1470.41808984291,3803.18403473418,-379.794701952231,-6187.76479620744,-692.56298072986,759.885641500198,-2064.90494532534,-5504.12716466919,2304.1400985196,896.773082588171,-5020.04059045151,-1499.38094811201,43971.2215526075,5120.38221398625,5467.2885319395,191.879022244717,2541.38546750145,-6069.91593605966,3329.83466374363,4062.58701678137,-12615.6619596491,712.090856890698,1276.89213317776,758.781558650046
"42",-121653.94133288,-640.613822655286,57361.7489468932,-176.105911230954,-1264.68180827386,-4180.04810157329,-12228.3264327745,15287.4094155816,2720.825112832,258.768945529985,-317.447647515893,-718.930019441177,-109.0943133299,364.393167341191,1800.26986514713,-1852.96217374817,399.220157599862,-862.008768810743,56.8323497084836,972.648961184713,49954.8739441961,907.796699526338,1024.18274864894,1239.31968625147,-2970.0000605743,524.692474708335,-3609.23657051476,979.014378137296,-2306.73452821308,646.622385334601,1124.25478305555,47.9838694686444,-503.187841844559,-11655.2534404167,4095.91755971275,-2674.67840912915,1294.78532264937,-177.546607691195,6431.90450422419,-1518.63515732159,774.563368465788,-1484.94849640972,-2481.3552860948,-1950.9308739384,624.862005457189,960.460771573147,-36109.8597035398,574.787540420795,-1008.95140480066,-83.3763175310431,2451.46803889035,783.568459673895,1130.30363201749,488.477064564668,1247.56816814368,950.520588347234,13.9890987989966,885.295228321552,996.899571192922,-1755.74719862381,-3330.17479595217,-278.338356031254,-86.8313683059135,-819.332342457705,3357.36167892445,579.725852424923,3292.32676903827,2511.08364435969,6934.16441470259,-456.760628322836,2052.99191627457,557.078852651134,-3608.04960162952,4499.29398962273,1135.91401686254,-3685.94234682711,1287.54031568694,3148.89384748617,-511.994653250191,-1492.74997816731,-599.094772031053,1378.72713930876,557.884077681489,-5328.00970493266,2675.34842499364,1504.13018062254,-5124.37868339823,-1422.74477808587,44945.8783912741,5736.20112978278,5440.199122637,164.6904540382,1744.21761489007,-4771.39462017716,3220.61803535334,4503.3535611806,-11449.0745014443,-57.4007222178989,1436.16794379528,-474.487951253473
"43",-125066.368026048,-2425.08187411847,58542.3362550007,348.575711516912,-1178.83779617365,-4079.30163309951,-12272.5192091274,14576.5310657957,2482.49972042304,515.200987828988,-676.578675428095,-608.921272382012,-165.550598068798,97.3414908467926,69.1296460151577,-2346.2200949034,215.983683791488,13.1815334915083,-479.753515127067,940.433541465299,48898.9772611066,478.014305060128,1604.39572002374,-985.888114401719,-1689.37186692224,598.400635354615,-3278.25776137424,290.694754879448,-2211.04078702946,785.804497611064,1682.10665586316,16.8330869544122,1429.60623838685,-11961.2045192541,3997.11559051392,-2849.72185638565,1583.73960901001,538.235251174899,6281.20521670851,-1447.13714615834,1805.17122108755,-660.28809796386,-1018.56371671672,-1937.85055649563,932.440543439956,1189.48731321818,-36176.3700499314,372.122754929605,1807.04546731209,-84.7289529345128,2634.27213625006,778.816417899928,1013.52599518701,1279.85758367018,570.674164839281,1194.6913984943,26.8781539558677,2051.7801439691,1068.49075973257,-1957.65970542965,-867.079455425239,-1755.5128008895,-196.017742935583,-808.417316800492,1288.33490317466,754.837259143579,2979.38604072665,2707.52357042075,6452.06822661903,-728.395450909554,2393.04141217695,749.055401499936,-3100.64504784886,2373.76455189406,589.821886644452,-2934.9590767361,1384.54224550546,2442.59679890307,-289.089350052363,-4438.95932412517,-264.660527541901,-242.064235786095,-1865.63151207263,-4161.43099985733,1005.52250712273,1438.86845425893,-5345.10240717157,-1018.77027994,44947.7343117153,5337.20951967563,5361.00941213561,458.014301055418,2340.32491101587,-4084.89864440357,3840.47030544319,4037.10379137793,-11021.6522118008,119.963463211542,1158.72531498348,537.091314091397
"44",-127447.53570614,-2358.49942864951,59581.1771593515,381.792399094369,-1114.23908029538,-3954.44779979895,-12520.8235970022,15977.8664081578,2217.64376391934,295.584799603268,-811.402656770127,-341.957321605831,-565.637440942579,46.1526645030091,4156.41779573215,-1505.26763696926,169.807982386095,-1397.90241522182,-609.039533955993,343.446808240589,50738.1510405922,594.123464896173,1314.16274707743,597.566269728874,-2625.72708345521,790.949073713262,-3226.17124324201,531.172497134183,-2982.0616301248,257.719976455332,1463.94034508518,-196.690938507135,1244.06026421228,-12374.2478164216,3816.88328140112,-2256.73221216387,1240.81428652042,-14.287194448454,6524.45334523477,-1994.0374391675,951.610447780234,202.661868985244,-2573.76243778541,-1593.80001150589,241.604197317105,813.040552276059,-34922.2562962328,340.252969690068,-468.053914182936,338.851072316493,3297.93762227018,1107.65078183201,981.828646246178,567.271431771233,376.925415128238,636.08034925087,337.734945217488,2114.72764555019,897.781789993108,-1247.69609995612,-3254.69580706529,274.450555993145,-693.924330152168,-946.767117150763,3236.28286702014,809.670181275994,3204.73221298926,2774.97041691807,7452.8978488077,-682.485615161503,2257.54741984617,914.036704132876,-3314.08202449091,3383.54844240488,719.172607812609,-3451.93418297812,1630.44415651017,1271.33306944388,-40.773546657178,-3227.36078782086,-706.211941450926,142.120539671883,-1223.5140843115,-4662.68887101928,1931.41605859205,941.636074029475,-5259.24255876988,-1119.06125776656,45458.1647806529,5692.75790846413,5630.9145400809,35.9257254029107,2306.74004629355,-5494.4233766276,3556.65158899214,3034.78059245733,-13968.4698303004,-6.11120818692473,1533.85742446332,294.467933025449
"45",-130809.833798213,-1087.5420536115,60427.4232131603,51.596875118664,-911.403585829841,-2480.00302932108,-12830.2079750548,14395.7102451846,3356.93517886454,853.550724109135,-763.434138771717,-273.331655849908,-568.73007794632,294.90736117406,-81.3685691538151,-2494.30229416435,730.778982589322,-1135.3242512744,-590.586546073772,337.632016564265,49272.3132183586,932.08192930728,1125.41703701941,-1461.78147360055,-1844.37393551639,975.382274704749,-3332.65824731281,890.137531510188,-2591.30651465217,889.693964228595,1377.52289868327,565.555829914428,748.098196492798,-12665.9388115403,4032.72194704325,-2858.85124383205,1494.54892187495,116.111308527637,6701.51170887371,-1477.37327353151,1391.44482314227,-1263.61787818073,-1672.68995277447,-2284.29377449576,1638.99268877837,1702.30596708517,-35578.9863051672,509.601108554167,-1324.4644678525,423.094804459327,2362.43349283559,360.869050805515,765.361144056529,456.936679815471,834.562832165323,1493.95635790777,572.876809098037,1557.02341506396,702.055929349228,-1802.46809579935,1247.50039953543,270.434174013826,-544.82030545444,-1303.63218624807,163.301169143199,1158.8872882389,2879.1216169025,2714.58691143655,7837.54476992687,-398.882780880092,1686.87380991173,642.025738863652,-3165.21243033739,5404.77039597693,626.706918141447,-3092.00041880334,1244.89309222139,2660.06763443205,-357.094471674475,-3939.21634763199,-132.617662481504,1334.16374014526,-410.23658207626,-5685.98963376076,2318.61121818143,1186.44534506098,-4713.78342597026,-1431.99198969263,45813.7823256432,5184.31709887335,5127.5921710345,236.250872032837,2152.146871303,-4204.46996505,3423.96312564423,4468.60284130262,-11494.4431703853,197.926105251958,1274.0603189546,618.957110160762
"46",-132312.963532392,-1223.28823562003,61071.9525466742,34.7607937508072,-1622.50770056168,-3731.21903654687,-12526.1003241612,14819.0923890837,3295.24205106986,581.183999615727,-466.706017349564,26.5726443168519,-240.412567812909,963.007570501074,3815.20108363221,-3104.95168566268,478.135111489406,-791.553626705893,-43.3412474124945,1016.56666129543,49685.8025790862,1126.8020952852,998.397342909194,-1662.86913572966,-2823.69850610223,736.679684659466,-3468.62508917016,3146.88007463201,-2283.34205423136,215.238963426439,1323.00194348635,545.478601930663,1889.9057064149,-12832.5394648633,4087.02214533785,-2858.86078931149,1698.19464624359,186.319066886487,6147.72750741905,-1123.60472538406,1210.24871586537,-1169.04134137451,-3398.13898129791,-1928.2017339504,528.240435839234,1084.23216235119,-35210.338165367,742.723687392701,-1774.77923775659,419.808280456264,2068.71712390707,1375.72306855285,954.470761969662,465.790586309056,1083.64598318563,913.160251970075,434.75333739788,1562.26125890462,744.817676276317,-1741.86061746672,-2604.89948682123,342.514888362362,-788.174418371692,-1046.45782462789,2767.35785598336,527.772747973356,3232.76962836634,2327.20582507514,7822.4641943254,-692.360480792901,2419.4871312335,-118.836951327639,-3801.14003858048,5281.17380527928,607.115817383264,-2835.10168657112,1743.40797527707,4341.40095690796,-500.686314535695,-5967.28573552643,-195.113748720586,-368.096461941519,-1146.59926661876,-3826.62528363593,1394.39693625025,900.171259937903,-5002.94527443517,-1047.3027649843,45827.9236665555,5502.04352417545,5677.12175959146,146.951875895328,2368.93625415029,-5075.63655134321,3177.9907364424,3583.93082151101,-11363.5502328221,429.243488787704,1709.85171416039,-532.013080096999
"47",-135896.452888418,-2532.70960899649,62274.5598046555,-270.106193665817,-1188.28831519154,-2409.49689273732,-12712.9896376226,16587.776109078,3668.10890707545,867.636110689369,-775.22206267709,-371.972044952921,-581.262297539864,300.988542029866,820.258018391966,-2740.45756164052,637.047575022675,-865.634801632345,-3.53641667507452,1023.09846919603,50274.1314067799,1102.27740512733,1881.17115111319,750.324561815485,-3457.34014812891,994.925002865825,-3643.05785508273,1780.60741369601,-2313.32405269322,791.134721857006,1725.08201974286,-24.0248402425279,1569.77047126242,-13064.0267350592,4404.30895029377,-3272.02809024273,1346.4783967103,-35.715679061433,6340.4194655943,-1805.76098301139,848.415648427176,-470.999583110268,-2794.62020609457,-1883.81622274575,1070.09644303463,1530.53552802753,-36243.7525153299,448.602172710152,-1300.56541979482,650.689941162738,2867.45680520891,612.09337653289,1289.18071211919,1578.70741988276,990.940411460523,1307.4766554398,163.090626897527,2209.89551601633,797.342127201685,-1321.86191943955,-882.169469749856,-324.289006452689,-501.662196778698,-1497.34898263699,2264.57332253874,1378.14502386673,3308.83525368463,2437.10761794353,7712.10926399137,-752.316481807803,1738.64354203275,-716.569107488155,-4019.77428937151,5716.00288872346,902.162930893783,-3369.19984113975,1286.72963858792,3774.79327356516,-182.354888066603,-5387.71153851694,-620.964950906495,-376.027543220102,-3362.85393174519,-5903.14387737074,2705.26025290357,1315.19823333764,-5223.37479939843,-1153.3412904108,46607.4659451037,5603.07029136589,5508.08502395568,613.975280939195,2684.13234717844,-5977.91050901755,4001.64165606189,3714.50119705377,-12940.1297864508,456.299958801114,2182.80564918556,-236.067717173592
"48",-138978.727436754,-854.360011920897,63628.9918477201,-168.728534871236,-1596.47448193284,-7011.30500574731,-13246.2679467376,18966.8753513732,2681.14169401134,510.463967119908,-503.763274628132,-296.865334609283,-401.845706092684,351.944774366114,4144.76139585626,-3492.57878963854,832.540974746094,-2007.04557933188,-93.2670141450946,889.144551507041,54876.4753268821,716.475263459038,1664.10909324634,3293.49757151573,-3308.87545284844,500.225229667946,-4032.32905337642,1539.79567190608,-2683.84660252995,553.08397436177,1508.80224343562,-68.1175481667701,922.813708641505,-13316.5615030114,4277.11204529904,-4544.59257454534,2429.82336672835,338.682984290105,7156.61050326256,-2331.94243801095,645.336786668578,-1147.79934372957,-4241.10603788749,-2353.50122665123,767.820217235891,1582.35908575002,-41218.1833961957,695.732222078658,-189.99602472349,-41.7633573997711,4686.72340114313,987.565528117702,843.453377503264,479.331543086549,854.633762916204,658.300690234315,200.013461942032,2235.48705990058,553.39892527512,-1494.78172054685,-2032.30660947083,-2308.70558847169,-745.473907189117,-1730.32288770979,5703.21046040565,1120.90802332799,3470.51078007923,2638.43242776901,9620.4558828401,-803.71926781961,2424.44667774338,-1230.20312786596,-5240.76433250895,6874.25392221859,890.86458669303,-4248.65918297609,972.380180602069,4377.40541811423,-485.324153969967,-6010.19513424724,-330.076665380229,267.113233344797,-2285.44136196387,-5479.14098097358,2949.57137583937,1129.49088026109,-6130.94744125532,-1140.15099428496,47830.0292703454,6530.98991469676,6318.92674241441,190.838965451335,2282.64788643233,-10050.18786503,4344.82272728564,4773.64959260775,-15411.5345842804,45.3891380918221,2245.72038254795,-1740.74181115458
"49",-143641.696826891,-3993.45955288029,65168.6759362183,-89.9023244432912,-2105.44537766779,-3425.8544065303,-13483.8115984611,21642.6767065175,3416.5430831117,883.332686025409,-522.366716327031,-165.811131242781,-248.494668090264,135.709831424645,636.5780806486,-2959.51725825077,782.914133856547,-1286.69352656113,-13.702625029421,1286.98699958563,59282.2855498825,839.677307404488,1548.04589765508,-873.257539025722,-3303.90626749175,1206.77691364632,-4426.07724544229,608.299314816913,-3681.46843553686,970.815452014772,1387.18668242087,436.50183990159,-590.282448829216,-13178.1796242653,4075.01109457617,-4877.44262173459,1323.58967220035,-142.344993505394,7374.68473243502,-2278.65941720618,1554.48286820419,-1709.44889560316,-3593.85660408335,-1657.19795029599,389.8520836164,1409.022709609,-38236.9987035373,770.244008609239,522.721454865361,277.803082051491,3535.08842389628,640.031902749912,817.331277124709,1960.14330313531,1041.45092703477,1584.50205485995,126.530377377424,810.553523645736,850.125893260831,-2739.34423990459,123.318781909711,-1036.93241978222,-306.232034334858,-1454.6211013721,897.528839661849,1370.29507519167,3049.48094608063,2769.22924471221,9326.8262873574,-1296.88502506669,2206.93055884352,-803.689169103408,-4270.68526336462,4685.00737274859,380.068280351537,-4525.49274400133,1710.60107357886,4305.33871045655,-425.934169870828,-7904.76989424419,-489.652108358821,-1130.23857885992,-6478.08574419394,-5698.2813724383,2035.50434386963,650.827303213682,-6657.01700648499,-1183.5223744102,49191.1193087367,6873.76188095671,6536.8483947455,-15.2326998886212,2387.59156759021,-6720.1319656773,3836.69881307758,5660.39646599018,-18769.6854167157,31.3975280720768,2660.64746435573,183.561199050876
"50",-146268.797947449,-5050.55784476031,66814.4557832827,129.183877658795,-1450.1529442951,-4018.52574061721,-13494.1722070732,21662.8676484556,3606.20442712154,547.07531593054,-869.146380159465,-188.620727947613,-668.259640333833,-309.924201833405,6410.36458085719,-3834.33297458717,577.233998903627,-1199.65378688265,-466.088322646085,378.826414911427,58977.0203504525,1151.80724312256,1684.93812581057,-2282.94346303367,-3814.87385880022,948.404570037042,-4523.12215518226,3136.48941054564,-3587.91718246665,400.534615811925,1676.59339947608,-99.1999055765127,1526.01786469358,-13634.5923744726,4321.55544455327,-4977.99600680415,2394.77142927741,507.700743055688,7913.15499835079,-2298.34004816685,640.471696878979,-482.719673328111,-3417.16290722564,-1821.56876840285,894.932829713846,1929.4958827853,-41758.6278302887,441.247417435352,-1621.90623066513,21.4903876697328,3674.01813145854,865.689495541304,1365.76134356689,-1155.99204606574,923.679444570565,1212.33439454619,-46.145081836728,1309.16206073084,586.094621358122,-2181.92735429313,-5966.26783402819,-360.059693539323,-393.269038556778,-2087.2707227632,3430.61462974073,1235.19002248955,3504.56917433744,2690.78601817274,10120.6887554979,-911.889717587756,2836.93015433297,738.532482311975,-5043.61762833725,7062.77212763808,692.07318065972,-4874.90787193717,1490.43894075737,3256.26945589603,-151.748489270587,-6493.92648300848,-539.779426921885,1533.26443420559,-1278.39482889729,-8178.91404418964,3956.61165501557,832.15851601235,-6031.19107423734,-1403.24099748129,49957.6743659575,7065.47821359022,6717.31262812715,124.726413356465,2784.3477203039,-7734.29011584035,4341.7615945044,4647.53705559926,-15431.5952824528,62.9852883188431,2048.33961732915,-1334.76687870184
